,date,open,high,low,close,volume
0,2012-05-18,42.05,45.0,38.0,38.2318,580.526476
1,2012-05-21,36.53,36.66,33.0,34.03,168.309331
2,2012-05-22,32.61,33.59,30.94,31.0,102.053826
3,2012-05-23,31.37,32.5,31.36,32.0,73.721135
4,2012-05-24,32.95,33.21,31.77,33.03,50.275879
5,2012-05-25,32.9,32.95,31.11,31.91,37.18963
6,2012-05-29,31.48,31.69,28.65,28.84,78.060799
7,2012-05-30,28.695,29.55,27.86,28.19,57.267867
8,2012-05-31,28.545,29.67,26.83,29.6,111.638721
9,2012-06-01,28.892,29.15,27.39,27.72,41.850889
10,2012-06-04,27.2,27.65,26.44,26.9,35.22769
11,2012-06-05,26.7,27.76,25.75,25.869,42.472862
12,2012-06-06,26.07,27.17,25.52,26.81,61.484746
13,2012-06-07,27.0,27.35,26.15,26.31,26.167757
14,2012-06-08,26.55,27.76,26.44,27.1,38.03342
15,2012-06-11,27.18,28.07,26.835,27.005,28.225887
16,2012-06-12,27.48,27.77,26.96,27.4,15.822414
17,2012-06-13,27.66,28.1,27.1,27.27,17.118672
18,2012-06-14,27.65,28.32,27.38,28.29,16.852314
19,2012-06-15,28.505,30.1,28.35,30.014,43.563739
20,2012-06-18,29.955,32.08,29.41,31.41,42.953209
21,2012-06-19,31.535,32.18,30.7,31.911,30.848913
22,2012-06-20,31.92,31.9288,31.15,31.6,15.558921
23,2012-06-21,31.67,32.5,31.51,31.84,21.874448
24,2012-06-22,32.41,33.45,32.06,33.05,74.758976
25,2012-06-25,32.86,33.02,31.55,32.06,24.352818
26,2012-06-26,32.69,33.44,32.5,33.1,24.858611
27,2012-06-27,32.46,32.9,31.9,32.23,28.599106
28,2012-06-28,31.96,32.19,30.9,31.36,17.646951
29,2012-06-29,31.92,31.99,30.76,31.095,19.526023
30,2012-07-02,31.25,31.73,30.55,30.771,14.131476
31,2012-07-03,30.91,31.44,30.8,31.2,8.765498
32,2012-07-05,31.32,31.625,31.02,31.47,10.036688
33,2012-07-06,31.44,31.9,31.26,31.73,10.946206
34,2012-07-09,32.1,32.88,31.99,32.17,17.78518
35,2012-07-10,32.43,32.48,31.1599,31.47,14.276996
36,2012-07-11,31.48,31.56,30.55,30.97,13.027752
37,2012-07-12,30.7,31.4,30.6,30.81,11.306636
38,2012-07-13,31.04,31.07,30.56,30.72,8.117346
39,2012-07-16,30.5,30.5,28.21,28.245,24.672074
40,2012-07-17,28.48,28.59,27.15,28.09,30.438551
41,2012-07-18,28.31,29.29,28.15,29.11,16.841779
42,2012-07-19,29.41,29.5,28.63,29.0,13.685031
43,2012-07-20,29.0,29.47,28.72,28.76,11.869046
44,2012-07-23,28.12,29.0,28.01,28.75,12.393864
45,2012-07-24,28.82,29.45,28.1,28.45,11.539799
46,2012-07-25,28.39,29.49,28.08,29.34,17.230154
47,2012-07-26,27.75,28.23,26.73,26.845,64.597378
48,2012-07-27,23.19,24.54,22.28,23.705,123.09834
49,2012-07-30,23.995,24.04,23.03,23.15,29.283095
50,2012-07-31,23.37,23.37,21.61,21.71,56.179322
51,2012-08-01,21.5,21.58,20.84,20.88,44.604365
52,2012-08-02,20.77,20.84,19.82,20.04,56.374436
53,2012-08-03,20.36,22.16,19.9,21.09,80.646975
54,2012-08-06,21.39,22.15,21.3,21.92,27.778038
55,2012-08-07,22.2,22.45,20.5,20.72,36.782827
56,2012-08-08,20.71,21.15,20.22,20.72,29.537376
57,2012-08-09,20.75,21.17,20.61,21.01,15.618515
58,2012-08-10,21.41,21.82,21.13,21.807,25.794673
59,2012-08-13,22.15,22.45,21.4,21.6,24.972873
60,2012-08-14,21.41,21.6,20.25,20.38,39.308634
61,2012-08-15,20.64,21.41,20.4,21.2,47.859467
62,2012-08-16,20.44,20.48,19.69,19.87,157.554838
63,2012-08-17,20.005,20.08,19.0,19.05,129.280121
64,2012-08-20,19.05,20.13,18.75,20.011,101.186524
65,2012-08-21,19.58,19.98,19.09,19.159,70.640462
66,2012-08-22,19.36,19.53,18.96,19.439,49.89213
67,2012-08-23,19.5,19.73,19.36,19.44,32.81331
68,2012-08-24,19.52,19.68,19.25,19.409,29.622155
69,2012-08-27,19.49,19.53,19.1,19.15,20.703907
70,2012-08-28,19.1,19.38,18.95,19.34,25.425786
71,2012-08-29,19.32,19.38,19.07,19.1,16.124625
72,2012-08-30,19.27,19.45,19.06,19.0885,30.647472
73,2012-08-31,18.68,18.7,18.03,18.058,58.76417
74,2012-09-04,18.08,18.27,17.55,17.729,46.622354
75,2012-09-05,18.27,18.75,18.18,18.58,60.781719
76,2012-09-06,18.74,19.2617,18.72,18.96,46.066347
77,2012-09-07,19.1,19.42,18.78,18.98,36.371696
78,2012-09-10,19.06,19.2,18.55,18.81,24.794742
79,2012-09-11,18.92,19.581,18.85,19.43,50.508026
80,2012-09-12,20.76,21.16,20.28,20.931,121.583996
81,2012-09-13,20.955,21.48,20.61,20.713,65.041524
82,2012-09-14,21.13,22.08,20.9,22.0,72.819643
83,2012-09-17,22.67,22.75,21.5,21.52,50.666447
84,2012-09-18,21.6,21.98,21.37,21.87,36.760449
85,2012-09-19,21.99,23.37,21.77,23.29,78.782783
86,2012-09-20,23.02,23.24,22.54,22.59,57.248663
87,2012-09-21,22.97,23.24,22.6,22.86,51.218097
88,2012-09-24,21.78,21.98,20.51,20.79,79.105121
89,2012-09-25,21.2,21.21,20.22,20.28,46.291655
90,2012-09-26,20.145,20.78,19.8,20.62,38.256878
91,2012-09-27,20.99,21.0,20.16,20.32,30.215821
92,2012-09-28,20.57,21.95,20.5,21.66,65.485921
93,2012-10-01,22.08,22.59,21.73,21.99,51.26268
94,2012-10-02,22.08,22.49,21.82,22.27,29.341393
95,2012-10-03,22.295,22.49,21.8,21.83,32.000079
96,2012-10-04,22.32,22.4,21.41,21.9475,46.894595
97,2012-10-05,21.49,21.63,20.88,20.91,40.529223
98,2012-10-08,20.4,20.75,20.155,20.4,32.236628
99,2012-10-09,20.39,20.55,19.97,20.227,27.159437
100,2012-10-10,19.93,19.94,19.45,19.64,39.321758
101,2012-10-11,19.88,19.96,19.61,19.75,21.817227
102,2012-10-12,19.75,19.8,19.48,19.5181,18.809397
103,2012-10-15,19.68,19.88,19.49,19.52,20.189668
104,2012-10-16,19.68,19.69,19.3,19.48,21.834687
105,2012-10-17,19.5,20.48,19.3718,19.88,44.074433
106,2012-10-18,19.7,19.79,18.89,18.975,52.157366
107,2012-10-19,19.0,19.06,18.8,19.0,34.834947
108,2012-10-22,19.2,19.43,19.05,19.321,32.447005
109,2012-10-23,19.25,19.8,19.1,19.5,78.381102
110,2012-10-24,24.13,24.25,22.85,23.2299,228.922474
111,2012-10-25,23.29,23.31,22.47,22.56,76.141512
112,2012-10-26,22.4,22.88,21.88,21.9425,73.259221
113,2012-10-31,20.82,21.5,20.73,21.11,99.378184
114,2012-11-01,21.08,21.44,21.01,21.21,37.713887
115,2012-11-02,21.26,21.69,21.07,21.18,38.344332
116,2012-11-05,21.1,21.48,20.92,21.25,31.806692
117,2012-11-06,21.24,21.37,20.99,21.1712,29.062642
118,2012-11-07,20.85,20.95,20.37,20.47,33.396731
119,2012-11-08,20.52,20.73,19.98,19.99,34.254535
120,2012-11-09,19.955,20.0,19.13,19.21,42.295434
121,2012-11-12,19.15,20.17,18.87,20.07,67.349109
122,2012-11-13,19.605,20.11,19.56,19.86,71.775069
123,2012-11-14,20.1,22.5,19.93,22.36,229.750911
124,2012-11-15,22.34,22.5,21.65,22.17,78.857655
125,2012-11-16,22.25,23.93,22.18,23.5607,107.182058
126,2012-11-19,23.955,24.12,22.82,22.92,85.021259
127,2012-11-20,22.73,23.9,22.7,23.1,46.605291
128,2012-11-21,23.22,24.53,23.05,24.32,89.862342
129,2012-11-23,24.58,24.68,23.88,23.998,29.520311
130,2012-11-26,24.935,26.09,24.81,25.94,123.841951
131,2012-11-27,26.04,26.5,25.46,26.15,85.760074
132,2012-11-28,25.94,26.49,25.75,26.36,49.205508
133,2012-11-29,26.5,27.52,26.16,27.32,88.759067
134,2012-11-30,27.26,28.0,26.76,28.0,127.049404
135,2012-12-03,27.9999,28.88,26.98,27.04,123.524093
136,2012-12-04,27.06,27.76,26.68,27.46,72.912724
137,2012-12-05,27.75,27.9,27.26,27.71,58.974841
138,2012-12-06,27.68,27.75,26.82,26.97,46.001493
139,2012-12-07,27.07,27.78,26.84,27.485,51.751806
140,2012-12-10,27.17,28.17,27.1,27.84,50.608466
141,2012-12-11,28.07,28.24,27.66,27.98,77.099033
142,2012-12-12,28.0,28.14,27.37,27.5801,46.704201
143,2012-12-13,27.59,28.75,27.43,28.24,81.044049
144,2012-12-14,28.18,28.33,26.76,26.812,91.631545
145,2012-12-17,26.77,27.0,26.32,26.75,57.742403
146,2012-12-18,26.96,27.91,26.9,27.71,60.512872
147,2012-12-19,27.83,28.22,26.95,27.41,61.390122
148,2012-12-20,27.49,27.6,27.13,27.36,35.574684
149,2012-12-21,26.66,27.01,26.12,26.26,54.555183
150,2012-12-24,26.5,26.96,26.2,26.93,28.229835
151,2012-12-26,27.03,27.18,26.375,26.51,33.17532
152,2012-12-27,26.55,26.8,25.52,26.05,43.481392
153,2012-12-28,25.48,26.11,25.15,25.9112,56.574797
154,2012-12-31,26.2,26.99,26.11,26.6197,60.374424
155,2013-01-02,27.44,28.18,27.42,28.0,69.84478
156,2013-01-03,27.88,28.47,27.59,27.77,63.14053
157,2013-01-04,28.01,28.93,27.83,28.76,72.720149
158,2013-01-07,28.69,29.79,28.65,29.4213,83.781725
159,2013-01-08,29.51,29.6,28.86,29.0607,45.870933
160,2013-01-09,29.67,30.6,29.49,30.59,104.787653
161,2013-01-10,30.6,31.45,30.28,31.3,95.298097
162,2013-01-11,31.28,31.96,31.1,31.72,89.597685
163,2013-01-14,32.08,32.21,30.62,30.9475,98.886858
164,2013-01-15,30.64,31.71,29.88,30.1,173.242356
165,2013-01-16,30.21,30.35,29.53,29.85,75.331648
166,2013-01-17,30.08,30.42,30.03,30.14,40.216606
167,2013-01-18,30.31,30.44,29.27,29.66,49.631496
168,2013-01-22,29.75,30.89,29.74,30.729,55.243212
169,2013-01-23,31.1,31.5,30.8,30.82,48.899741
170,2013-01-24,31.27,31.49,30.81,31.08,43.845049
171,2013-01-25,31.41,31.93,31.13,31.54,54.363551
172,2013-01-28,31.88,32.5063,31.81,32.469,59.681297
173,2013-01-29,32.0,32.07,30.71,30.79,72.975396
174,2013-01-30,30.98,31.49,30.88,31.24,87.68208
175,2013-01-31,29.15,31.47,28.74,30.981,190.742612
176,2013-02-01,31.01,31.02,29.63,29.73,85.836666
177,2013-02-04,29.06,29.2,28.01,28.109,92.361184
178,2013-02-05,28.26,28.96,28.04,28.64,47.948191
179,2013-02-06,28.74,29.29,28.66,29.05,38.375742
180,2013-02-07,29.11,29.15,28.27,28.65,34.536479
181,2013-02-08,28.89,29.17,28.51,28.545,37.708729
182,2013-02-11,28.61,28.68,28.04,28.26,37.361742
183,2013-02-12,27.67,28.16,27.1,27.37,93.495635
184,2013-02-13,27.36,28.32,27.31,27.9075,50.162539
185,2013-02-14,28.02,28.63,28.01,28.5,35.615411
186,2013-02-15,28.52,28.75,28.09,28.32,33.109105
187,2013-02-19,28.23,29.08,28.12,28.93,49.411547
188,2013-02-20,28.92,29.05,28.33,28.462,42.098118
189,2013-02-21,28.28,28.55,27.15,27.283,49.647671
190,2013-02-22,27.62,27.63,26.82,27.13,36.350149
191,2013-02-25,27.16,27.64,27.15,27.27,34.651983
192,2013-02-26,27.36,27.46,26.7,27.39,31.611642
193,2013-02-27,27.34,27.34,26.63,26.87,44.319628
194,2013-02-28,26.84,27.3,26.34,27.25,83.027721
195,2013-03-01,27.05,28.1164,26.81,27.78,54.064731
196,2013-03-04,27.76,28.06,27.44,27.72,32.400645
197,2013-03-05,27.88,28.18,27.21,27.52,40.622189
198,2013-03-06,28.1,28.13,27.35,27.4525,33.532526
199,2013-03-07,27.57,28.675,27.47,28.578,74.540116
200,2013-03-08,28.425,28.47,27.73,27.96,44.198838
201,2013-03-11,28.01,28.64,27.83,28.14,35.641557
202,2013-03-12,28.1,28.32,27.6,27.83,27.56959
203,2013-03-13,27.62,27.65,26.92,27.08,39.619443
204,2013-03-14,27.1,27.43,26.83,27.04,27.646381
205,2013-03-15,27.03,27.06,26.56,26.645,31.597364
206,2013-03-18,26.37,26.79,25.78,26.49,26.653641
207,2013-03-19,26.53,26.9,26.21,26.55,25.254152
208,2013-03-20,26.68,26.69,25.78,25.86,44.006434
209,2013-03-21,25.66,26.11,25.56,25.74,24.335872
210,2013-03-22,25.796,26.01,25.63,25.73,18.456268
211,2013-03-25,25.75,25.8,25.078,25.131,39.198947
212,2013-03-26,25.08,25.48,25.03,25.205,26.957135
213,2013-03-27,25.0,26.28,24.72,26.09,52.297328
214,2013-03-28,26.09,26.17,25.52,25.58,28.585612
215,2013-04-01,25.63,25.89,25.28,25.53,22.249212
216,2013-04-02,25.77,26.12,25.3,25.42,35.153292
217,2013-04-03,25.83,26.39,25.7,26.25,48.195118
218,2013-04-04,26.62,27.2301,26.11,27.0725,82.016245
219,2013-04-05,26.86,27.8,26.61,27.39,64.56651
220,2013-04-08,27.19,27.2,26.63,26.849,27.255982
221,2013-04-09,26.58,26.89,26.42,26.59,21.311013
222,2013-04-10,27.0099,27.84,26.9,27.57,45.949361
223,2013-04-11,27.48,28.1,27.25,28.0175,33.368462
224,2013-04-12,28.0,28.0,27.24,27.4,28.6974
225,2013-04-15,27.16,27.48,26.36,26.52,30.272265
226,2013-04-16,26.81,27.11,26.4,26.92,27.396392
227,2013-04-17,26.65,27.2,26.39,26.625,26.440537
228,2013-04-18,26.82,26.82,25.15,25.69,39.058905
229,2013-04-19,25.62,25.96,25.33,25.73,20.380862
230,2013-04-22,25.81,26.36,25.7,25.97,25.687549
231,2013-04-23,26.215,26.33,25.77,25.98,25.191467
232,2013-04-24,25.93,26.4,25.8,26.11,19.729809
233,2013-04-25,26.07,26.4,26.0,26.14,17.149965
234,2013-04-26,26.6,27.62,26.6,26.85,33.017958
235,2013-04-29,27.16,27.41,26.86,26.98,29.20107
236,2013-04-30,27.13,27.85,27.005,27.769,36.245633
237,2013-05-01,27.85,27.915,27.31,27.43,64.56759
238,2013-05-02,28.0099,29.02,27.98,28.97,104.256656
239,2013-05-03,29.04,29.07,28.15,28.311,58.506376
240,2013-05-06,28.33,28.46,27.48,27.57,43.939307
241,2013-05-07,27.55,27.85,26.85,26.889,41.259083
242,2013-05-08,26.88,27.3,26.65,27.12,34.654851
243,2013-05-09,27.08,27.55,26.85,27.04,33.45715
244,2013-05-10,27.14,27.3,26.57,26.68,30.847022
245,2013-05-13,26.6,27.325,26.531,26.82,29.068764
246,2013-05-14,26.8854,27.28,26.82,27.07,24.930207
247,2013-05-15,26.92,26.99,26.4,26.6,30.299761
248,2013-05-16,26.48,26.55,25.9,26.13,35.50629
249,2013-05-17,26.4,26.6,26.2,26.25,29.462605
250,2013-05-20,26.18,26.19,25.69,25.759,42.402874
251,2013-05-21,25.87,26.075,25.59,25.66,26.26076
252,2013-05-22,25.65,25.85,24.92,25.159,45.314355
253,2013-05-23,24.8,25.53,24.77,25.06,37.697202
254,2013-05-24,24.97,24.97,24.08,24.3125,58.727882
255,2013-05-28,24.54,24.54,23.92,24.1,50.079642
256,2013-05-29,23.79,23.81,23.26,23.32,64.237702
257,2013-05-30,24.13,24.779,23.93,24.55,60.733122
258,2013-05-31,24.63,24.95,24.27,24.348,35.924817
259,2013-06-03,24.265,24.32,23.71,23.848,35.733795
260,2013-06-04,23.89,23.93,23.32,23.52,34.808997
261,2013-06-05,23.35,23.705,22.79,22.899,53.819645
262,2013-06-06,22.99,23.09,22.67,22.97,31.26066
263,2013-06-07,23.03,23.4,22.86,23.291,38.699124
264,2013-06-10,24.06,24.6,23.99,24.33,58.392756
265,2013-06-11,24.03,24.35,24.0,24.03,29.885809
266,2013-06-12,24.16,24.26,23.58,23.77,26.44569
267,2013-06-13,23.72,23.83,23.265,23.73,31.189247
268,2013-06-14,23.56,23.89,23.26,23.63,30.677066
269,2013-06-17,23.91,24.25,23.75,24.022,33.664419
270,2013-06-18,24.09,24.69,24.08,24.21,36.709004
271,2013-06-19,24.2,25.19,24.1,24.309,31.790525
272,2013-06-20,24.28,24.745,23.65,23.9,42.765586
273,2013-06-21,24.59,24.7,24.05,24.53,45.833818
274,2013-06-24,23.95,24.11,23.38,23.935,40.624259
275,2013-06-25,24.14,24.43,24.04,24.25,24.719988
276,2013-06-26,24.51,24.65,23.99,24.16,29.884805
277,2013-06-27,24.24,24.84,24.21,24.66,34.694013
278,2013-06-28,24.68,24.98,24.42,24.88,96.778879
279,2013-07-01,24.9694,25.0601,24.62,24.81,20.582195
280,2013-07-02,24.7,24.77,24.3,24.41,18.394008
281,2013-07-03,24.22,24.71,24.15,24.52,10.404332
282,2013-07-05,24.65,24.66,24.2,24.37,20.229451
283,2013-07-08,24.47,25.04,24.42,24.71,27.073983
284,2013-07-09,25.07,25.49,25.03,25.48,30.387889
285,2013-07-10,25.58,25.83,25.47,25.8,26.721794
286,2013-07-11,25.96,26.0,25.45,25.81,26.777354
287,2013-07-12,25.74,25.93,25.55,25.91,16.53784
288,2013-07-15,25.93,26.43,25.65,26.28,24.233957
289,2013-07-16,26.39,26.75,26.01,26.32,30.817554
290,2013-07-17,26.37,26.78,26.3,26.65,21.518463
291,2013-07-18,26.75,26.77,26.12,26.18,24.806825
292,2013-07-19,25.82,26.1077,25.6,25.881,46.544938
293,2013-07-22,25.99,26.13,25.72,26.045,27.526213
294,2013-07-23,26.1,26.3,25.97,26.13,28.221534
295,2013-07-24,26.32,26.53,26.05,26.51,82.635587
296,2013-07-25,33.545,34.88,32.75,34.359,365.932775
297,2013-07-26,33.77,34.73,33.56,34.01,136.022477
298,2013-07-29,34.07,35.63,34.01,35.43,124.83487
299,2013-07-30,35.65,37.96,35.32,37.627,173.58271
300,2013-07-31,37.96,38.31,36.33,36.8,154.828679
301,2013-08-01,37.3,38.29,36.92,37.489,106.062427
302,2013-08-02,37.66,38.49,37.5,38.05,73.058424
303,2013-08-05,38.43,39.32,38.25,39.189,79.994774
304,2013-08-06,39.11,39.25,37.94,38.55,63.950791
305,2013-08-07,38.61,38.94,37.7,38.87,68.854764
306,2013-08-08,39.13,39.19,38.43,38.54,41.300775
307,2013-08-09,38.59,38.74,38.01,38.5,43.620024
308,2013-08-12,38.2,38.5,38.1,38.22,31.160951
309,2013-08-13,38.24,38.32,36.77,37.019,65.375734
310,2013-08-14,36.83,37.55,36.62,36.65,48.42389
311,2013-08-15,36.36,37.07,36.0201,36.56,56.521095
312,2013-08-16,36.97,37.49,36.9,37.08,45.840714
313,2013-08-19,37.43,38.28,37.14,37.81,57.609591
314,2013-08-20,38.35,38.58,37.69,38.41,57.99514
315,2013-08-21,38.38,38.85,38.145,38.32,46.116868
316,2013-08-22,38.37,38.75,38.34,38.55,21.931163
317,2013-08-23,39.0,40.63,38.93,40.55,86.442283
318,2013-08-26,40.9,41.94,40.62,41.34,94.161713
319,2013-08-27,40.68,41.2,39.42,39.64,72.69505
320,2013-08-28,39.96,40.85,39.88,40.548,57.918194
321,2013-08-29,40.89,41.78,40.8,41.28,58.303395
322,2013-08-30,42.025,42.26,41.06,41.294,67.734753
323,2013-09-03,41.84,42.165,41.51,41.87,48.774896
324,2013-09-04,42.01,42.17,41.44,41.78,42.581854
325,2013-09-05,41.79,42.765,41.77,42.66,50.03538
326,2013-09-06,43.09,44.61,42.4,43.95,117.524726
327,2013-09-09,44.36,44.79,43.7,44.04,75.794696
328,2013-09-10,44.24,44.26,43.23,43.6,54.540282
329,2013-09-11,43.39,45.09,43.11,45.04,72.328246
330,2013-09-12,45.53,45.62,44.65,44.75,68.072239
331,2013-09-13,45.04,45.08,43.93,44.31,52.765299
332,2013-09-16,44.85,44.94,42.43,42.51,70.807761
333,2013-09-17,42.5,45.44,42.43,45.07,91.934257
334,2013-09-18,44.84,45.47,44.395,45.23,79.316945
335,2013-09-19,45.51,46.05,45.23,45.98,63.972369
336,2013-09-20,46.32,47.6,45.74,47.49,115.5084
337,2013-09-23,47.28,47.55,46.29,47.19,75.318002
338,2013-09-24,48.505,49.66,48.16,48.45,136.715945
339,2013-09-25,49.23,49.54,48.46,49.46,87.879619
340,2013-09-26,50.01,50.6,49.5,50.39,98.220046
341,2013-09-27,50.29,51.28,49.86,51.24,81.405906
342,2013-09-30,50.14,51.6,49.8,50.23,100.095417
343,2013-10-01,49.97,51.03,49.45,50.42,98.109451
344,2013-10-02,50.13,51.1,49.95,50.28,62.834429
345,2013-10-03,50.47,50.72,49.06,49.183,82.043778
346,2013-10-04,49.77,51.16,49.57,51.04,74.446947
347,2013-10-07,50.73,51.29,50.4,50.515,57.203957
348,2013-10-08,50.6,50.6,47.08,47.14,136.08133
349,2013-10-09,47.375,47.84,45.26,46.77,147.292545
350,2013-10-10,47.865,49.68,47.83,49.05,99.773784
351,2013-10-11,49.18,49.87,48.79,49.11,58.428451
352,2013-10-14,48.31,49.63,47.91,49.51,68.780552
353,2013-10-15,49.99,51.0,49.18,49.5,81.165391
354,2013-10-16,50.04,51.24,49.9,51.135,64.678147
355,2013-10-17,51.12,52.22,50.95,52.21,71.518999
356,2013-10-18,54.18,54.825,53.6,54.22,88.235093
357,2013-10-21,54.68,54.81,53.51,53.85,58.204321
358,2013-10-22,54.33,54.76,52.2,52.675,83.203442
359,2013-10-23,51.75,52.25,51.13,51.9,57.206893
360,2013-10-24,52.38,52.84,51.5928,52.445,46.774985
361,2013-10-25,53.18,53.24,51.88,51.95,45.085348
362,2013-10-28,51.54,51.7,49.61,50.229,73.472347
363,2013-10-29,50.73,50.79,49.25,49.395,102.138469
364,2013-10-30,50.0,50.21,48.75,49.01,127.072652
365,2013-10-31,47.155,52.0,46.5,50.205,248.809006
366,2013-11-01,50.85,52.09,49.72,49.75,95.032876
367,2013-11-04,49.365,49.75,48.02,48.22,80.371218
368,2013-11-05,47.79,50.18,47.51,50.105,76.834356
369,2013-11-06,50.26,50.45,48.71,49.12,67.889337
370,2013-11-07,49.24,49.87,47.3,47.56,97.126759
371,2013-11-08,47.81,48.65,47.25,47.53,70.731178
372,2013-11-11,47.04,47.53,45.73,46.2,80.909626
373,2013-11-12,46.0,47.37,45.83,46.605,68.195832
374,2013-11-13,46.23,48.74,46.06,48.71,79.245346
375,2013-11-14,48.7,49.57,48.03,48.99,75.117049
376,2013-11-15,49.11,49.48,48.71,49.01,42.452937
377,2013-11-18,48.47,48.84,45.8,45.83,85.909884
378,2013-11-19,46.26,47.0,45.72,46.36,75.602413
379,2013-11-20,46.61,47.55,46.31,46.43,53.932698
380,2013-11-21,46.99,47.46,46.685,46.7,34.88617
381,2013-11-22,47.04,47.27,45.96,46.23,40.545375
382,2013-11-25,46.36,46.65,44.04,44.82,82.560897
383,2013-11-26,44.66,46.17,43.55,45.89,82.01649
384,2013-11-27,45.97,46.67,45.53,46.49,44.993195
385,2013-11-29,46.75,47.21,46.5,47.01,22.953916
386,2013-12-02,46.9,47.54,46.26,47.06,50.773647
387,2013-12-03,46.75,47.2,46.29,46.73,32.085905
388,2013-12-04,46.46,48.77,46.26,48.62,60.890176
389,2013-12-05,48.15,48.7,47.87,48.34,43.855036
390,2013-12-06,48.98,49.39,47.71,47.94,42.937659
391,2013-12-09,48.09,48.97,47.74,48.84,36.055891
392,2013-12-10,48.64,50.77,48.54,50.245,68.478561
393,2013-12-11,50.55,50.77,49.01,49.38,65.776366
394,2013-12-12,51.045,52.07,50.66,51.83,92.722534
395,2013-12-13,51.66,53.5,51.34,53.32,82.640992
396,2013-12-16,53.25,54.5,52.91,53.81,85.118518
397,2013-12-17,54.76,55.18,54.24,54.86,78.751463
398,2013-12-18,54.86,55.89,53.75,55.57,75.934157
399,2013-12-19,54.33,55.19,53.95,55.05,89.825393
400,2013-12-20,54.93,55.15,54.23,55.12,239.823912
401,2013-12-23,55.5,58.32,55.45,57.77,98.296983
402,2013-12-24,58.27,58.58,56.91,57.96,46.617754
403,2013-12-26,58.32,58.38,57.37,57.73,55.101367
404,2013-12-27,57.48,57.68,55.25,55.44,60.465121
405,2013-12-30,54.93,55.18,53.43,53.71,68.307317
406,2013-12-31,54.12,54.86,53.91,54.649,43.152127
407,2014-01-02,54.83,55.22,54.19,54.71,43.257572
408,2014-01-03,55.02,55.65,54.53,54.557,38.287706
409,2014-01-06,54.42,57.26,54.05,57.2,68.974359
410,2014-01-07,57.7,58.55,57.22,57.92,77.329009
411,2014-01-08,57.6,58.41,57.23,58.23,56.800577
412,2014-01-09,58.65,58.96,56.65,57.22,92.349222
413,2014-01-10,57.13,58.3,57.06,57.94,42.529258
414,2014-01-13,57.91,58.25,55.38,55.91,63.106429
415,2014-01-14,56.46,57.78,56.1,57.74,37.590987
416,2014-01-15,57.98,58.57,57.27,57.6,33.730611
417,2014-01-16,57.26,58.02,56.83,57.19,34.599775
418,2014-01-17,57.3,57.82,56.07,56.3,40.883205
419,2014-01-21,56.6,58.58,56.5,58.51,48.734027
420,2014-01-22,58.85,59.31,57.1,57.51,61.49588
421,2014-01-23,56.37,56.68,55.71,56.63,47.996403
422,2014-01-24,56.15,56.42,54.4,54.45,55.545338
423,2014-01-27,54.73,54.9401,51.85,53.55,74.138271
424,2014-01-28,54.02,55.28,54.0,55.14,48.364998
425,2014-01-29,54.61,54.95,53.19,53.53,98.089899
426,2014-01-30,62.12,62.5,60.46,61.08,150.438304
427,2014-01-31,60.47,63.37,60.17,62.57,87.930298
428,2014-02-03,63.03,63.77,60.7,61.48,75.105994
429,2014-02-04,62.05,63.14,61.82,62.75,46.064897
430,2014-02-05,62.74,63.16,61.27,62.19,53.03202
431,2014-02-06,61.46,62.78,61.46,62.16,42.153754
432,2014-02-07,62.27,64.57,62.22,64.32,60.835746
433,2014-02-10,64.3,64.49,63.473,63.548,43.736562
434,2014-02-11,63.75,65.0,63.35,64.851,45.746832
435,2014-02-12,64.92,65.06,64.05,64.45,47.409857
436,2014-02-13,64.18,67.33,64.05,67.33,62.013396
437,2014-02-14,67.5,67.58,66.72,67.09,36.786427
438,2014-02-18,66.94,67.5397,66.07,67.3,43.862297
439,2014-02-19,67.05,69.08,67.0,68.06,64.258631
440,2014-02-20,67.73,70.11,65.727,69.63,131.043243
441,2014-02-21,69.69,69.96,68.45,68.59,70.991892
442,2014-02-24,68.74,71.44,68.54,70.78,76.951946
443,2014-02-25,70.95,71.0,69.45,69.85,52.189031
444,2014-02-26,70.19,71.22,68.85,69.26,55.400294
445,2014-02-27,69.34,70.01,68.87,68.94,41.695855
446,2014-02-28,69.47,69.88,67.38,68.46,66.900863
447,2014-03-03,66.96,68.05,66.51,67.41,56.899568
448,2014-03-04,68.66,68.9,67.62,68.8,42.164222
449,2014-03-05,69.69,71.97,69.62,71.57,74.649486
450,2014-03-06,71.88,71.89,70.25,70.84,46.12626
451,2014-03-07,71.08,71.18,69.47,69.8,38.985763
452,2014-03-10,70.77,72.15,70.51,72.03,59.949746
453,2014-03-11,72.5,72.59,69.96,70.1,59.615238
454,2014-03-12,69.86,71.35,69.0,70.8799,46.400431
455,2014-03-13,71.29,71.35,68.15,68.83,57.091157
456,2014-03-14,68.49,69.43,67.46,67.72,48.22675
457,2014-03-17,68.18,68.95,66.62,68.7399,52.196699
458,2014-03-18,68.76,69.6,68.3,69.19,40.827226
459,2014-03-19,69.17,69.29,67.465,68.24,43.980558
460,2014-03-20,68.01,68.23,66.82,66.97,44.4385
461,2014-03-21,67.53,67.92,66.57,67.24,60.041228
462,2014-03-24,67.19,67.36,63.36,64.1,85.695872
463,2014-03-25,64.89,66.19,63.78,64.89,68.780406
464,2014-03-26,64.74,64.95,60.37,60.385,97.689774
465,2014-03-27,60.51,61.9,57.98,60.97,112.643709
466,2014-03-28,61.34,61.95,59.335,60.01,67.051528
467,2014-03-31,60.78,61.52,59.87,60.24,53.010013
468,2014-04-01,60.46,62.66,60.24,62.62,59.29121
469,2014-04-02,63.21,63.91,62.21,62.72,66.226373
470,2014-04-03,62.55,63.17,59.13,59.49,83.85933
471,2014-04-04,59.94,60.2,56.32,56.749,125.465774
472,2014-04-07,55.9,58.0,55.44,56.95,108.487569
473,2014-04-08,57.68,58.71,57.17,58.1901,78.835866
474,2014-04-09,59.63,62.4558,59.1882,62.41,100.215307
475,2014-04-10,63.08,63.18,58.68,59.16,114.987563
476,2014-04-11,57.6,60.31,57.31,58.53,91.45196
477,2014-04-14,60.09,60.45,57.78,58.89,72.324603
478,2014-04-15,59.29,59.68,55.88,59.09,108.622706
479,2014-04-16,59.79,60.19,57.74,59.72,78.773351
480,2014-04-17,59.3,60.58,58.72,58.94,88.040165
481,2014-04-21,59.46,61.24,59.15,61.24,60.363569
482,2014-04-22,62.65,63.44,62.22,63.0301,60.62837
483,2014-04-23,63.45,63.48,61.26,61.36,96.56395
484,2014-04-24,63.6,63.65,59.77,60.87,138.724237
485,2014-04-25,59.97,60.01,57.57,57.71,92.501359
486,2014-04-28,58.05,58.31,54.66,56.14,107.75663
487,2014-04-29,56.09,58.28,55.84,58.15,75.557602
488,2014-04-30,57.58,59.85,57.16,59.78,76.093004
489,2014-05-01,60.43,62.28,60.21,61.15,82.428606
490,2014-05-02,61.3,61.89,60.18,60.46,54.189197
491,2014-05-05,59.67,61.35,59.18,61.22,46.057066
492,2014-05-06,60.98,61.15,58.49,58.53,55.900809
493,2014-05-07,58.77,59.3,56.26,57.39,78.587247
494,2014-05-08,57.23,58.82,56.5,56.76,61.251053
495,2014-05-09,56.85,57.65,56.38,57.24,52.583858
496,2014-05-12,57.98,59.9,57.98,59.83,48.575487
497,2014-05-13,59.66,60.89,59.51,59.83,48.525301
498,2014-05-14,59.53,60.45,58.95,59.23,47.428583
499,2014-05-15,59.26,59.38,57.52,57.919,56.81394
500,2014-05-16,58.31,58.45,57.31,58.0199,47.887986
501,2014-05-19,57.89,59.56,57.57,59.21,43.033925
502,2014-05-20,59.5,60.19,58.18,58.56,53.931469
503,2014-05-21,58.56,60.5,58.25,60.49,58.991505
504,2014-05-22,60.94,61.48,60.4,60.52,54.200116
505,2014-05-23,60.41,61.45,60.15,61.351,38.293993
506,2014-05-27,61.62,63.51,61.57,63.48,55.619663
507,2014-05-28,63.39,64.14,62.62,63.51,47.795088
508,2014-05-29,63.84,64.3,63.51,63.83,42.696574
509,2014-05-30,63.95,64.17,62.56,63.3,45.283577
510,2014-06-02,63.23,63.59,62.05,63.08,35.995537
511,2014-06-03,62.62,63.42,62.32,62.87,32.216607
512,2014-06-04,62.45,63.59,62.07,63.34,36.513991
513,2014-06-05,63.66,64.36,62.82,63.186,47.352368
514,2014-06-06,63.37,63.48,62.15,62.5,42.442096
515,2014-06-09,62.4,63.34,61.79,62.88,37.6161
516,2014-06-10,63.53,65.82,63.5,65.77,69.33459
517,2014-06-11,65.32,65.8,64.9,65.781,44.241898
518,2014-06-12,65.85,66.47,64.06,64.2901,55.707319
519,2014-06-13,64.7,64.97,63.83,64.5,29.41891
520,2014-06-16,64.16,64.88,63.75,64.19,31.045811
521,2014-06-17,64.1,64.88,63.93,64.4,27.714816
522,2014-06-18,64.49,65.75,64.05,65.6,35.570154
523,2014-06-19,65.46,65.5756,64.21,64.3415,34.245182
524,2014-06-20,64.46,64.81,63.35,64.5,46.466073
525,2014-06-23,64.32,65.66,64.22,65.37,34.559521
526,2014-06-24,65.36,67.17,65.27,65.72,57.332861
527,2014-06-25,65.58,67.48,65.57,67.44,44.307449
528,2014-06-26,68.0,68.0,66.9,67.13,47.713659
529,2014-06-27,67.31,67.7,66.84,67.6,46.449127
530,2014-06-30,67.46,67.92,67.13,67.29,27.201059
531,2014-07-01,67.58,68.44,67.39,68.06,33.175666
532,2014-07-02,68.04,68.3,65.79,66.45,41.89522
533,2014-07-03,66.855,67.0,65.76,66.29,25.203015
534,2014-07-07,66.3,66.57,65.12,65.29,28.745099
535,2014-07-08,65.06,65.56,62.21,62.76,68.926036
536,2014-07-09,63.41,65.12,63.15,64.97,51.431582
537,2014-07-10,63.31,65.34,63.05,64.8725,44.421915
538,2014-07-11,65.28,66.59,64.79,66.34,39.211322
539,2014-07-14,67.13,68.17,66.9,67.9,38.536924
540,2014-07-15,67.96,68.0899,66.26,67.165,44.292844
541,2014-07-16,67.54,67.94,67.07,67.66,29.593589
542,2014-07-17,67.03,67.85,66.04,66.4099,38.188432
543,2014-07-18,66.8,68.46,66.16,68.4199,42.455649
544,2014-07-21,68.81,69.96,68.5,69.4,49.539121
545,2014-07-22,69.76,69.77,68.61,69.27,40.397693
546,2014-07-23,69.74,71.33,69.61,71.29,78.407216
547,2014-07-24,75.96,76.74,74.51,74.98,123.817936
548,2014-07-25,74.99,75.67,74.662,75.19,45.917035
549,2014-07-28,75.17,75.5,73.85,74.92,41.725249
550,2014-07-29,74.72,74.92,73.58,73.71,41.32447
551,2014-07-30,74.21,75.19,74.13,74.677,36.851883
552,2014-07-31,74.0,74.165,72.44,72.65,43.991472
553,2014-08-01,72.22,73.22,71.55,72.36,43.535314
554,2014-08-04,72.36,73.88,72.36,73.51,30.776819
555,2014-08-05,73.2,73.59,72.18,72.69,34.984821
556,2014-08-06,72.02,73.72,71.79,72.47,30.985533
557,2014-08-07,73.0,74.0,72.7,73.17,38.14055
558,2014-08-08,73.4,73.43,72.56,73.06,27.202325
559,2014-08-11,73.46,73.91,73.06,73.44,24.591177
560,2014-08-12,73.09,73.3301,72.22,72.83,27.311368
561,2014-08-13,73.12,74.25,73.05,73.77,29.265662
562,2014-08-14,73.97,74.38,73.69,74.296,22.206022
563,2014-08-15,74.32,74.65,73.0,73.63,38.909061
564,2014-08-18,74.0,74.72,73.96,74.59,23.973658
565,2014-08-19,74.81,75.58,74.77,75.29,26.67864
566,2014-08-20,74.97,75.18,74.62,74.81,22.914571
567,2014-08-21,74.92,75.19,74.4149,74.57,20.101979
568,2014-08-22,74.34,74.73,73.57,74.57,20.897243
569,2014-08-25,74.94,75.28,74.79,75.02,19.734103
570,2014-08-26,75.0,75.99,74.73,75.9601,23.992668
571,2014-08-27,75.27,75.49,74.46,74.63,36.32306
572,2014-08-28,74.0,74.43,73.73,73.855,21.946738
573,2014-08-29,74.3,74.82,74.01,74.82,26.241162
574,2014-09-02,75.01,76.7,74.82,76.68,34.979438
575,2014-09-03,77.14,77.48,75.6,75.83,32.389102
576,2014-09-04,75.89,76.93,75.53,75.95,26.6764
577,2014-09-05,76.1,77.38,75.598,77.26,29.475854
578,2014-09-08,77.26,78.17,77.01,77.89,28.183136
579,2014-09-09,77.59,78.17,76.2,76.67,28.881803
580,2014-09-10,76.52,77.95,76.51,77.43,29.908606
581,2014-09-11,77.13,78.36,77.05,77.92,32.247724
582,2014-09-12,78.02,78.3,77.1,77.48,26.744356
583,2014-09-15,77.15,77.25,73.43,74.58,49.67913
584,2014-09-16,73.52,76.23,73.07,76.08,37.742382
585,2014-09-17,75.96,77.25,75.57,76.43,28.693348
586,2014-09-18,76.77,77.33,76.52,77.0,23.030914
587,2014-09-19,77.4,78.3,76.44,77.91,76.671325
588,2014-09-22,77.0,77.53,75.95,76.8,31.961015
589,2014-09-23,76.33,78.63,76.04,78.29,36.813611
590,2014-09-24,78.1,78.62,77.51,78.535,30.678742
591,2014-09-25,78.6,78.94,77.13,77.22,37.53258
592,2014-09-26,77.59,78.8416,77.33,78.79,28.872012
593,2014-09-29,78.12,79.199,77.91,79.0,34.030235
594,2014-09-30,79.35,79.7067,78.6,79.04,35.899444
595,2014-10-01,78.78,78.82,75.9,76.55,55.090157
596,2014-10-02,76.57,77.48,75.64,77.08,36.487612
597,2014-10-03,77.76,78.06,77.26,77.44,23.340173
598,2014-10-06,77.19,77.89,76.85,77.555,25.729191
599,2014-10-07,77.05,77.95,76.24,76.29,25.317488
600,2014-10-08,76.18,77.71,75.1,77.52,32.975514
601,2014-10-09,77.28,77.7601,75.85,75.91,32.487174
602,2014-10-10,75.59,76.5,72.76,72.91,52.146107
603,2014-10-13,73.23,74.78,72.52,72.99,43.937538
604,2014-10-14,74.0,74.18,72.05,73.59,50.299288
605,2014-10-15,71.69,73.8,70.32,73.21,61.528317
606,2014-10-16,70.79,73.35,70.58,72.63,53.529459
607,2014-10-17,74.23,76.0,73.75,75.95,76.341638
608,2014-10-20,75.6,77.09,75.38,76.95,34.70126
609,2014-10-21,77.56,78.74,77.15,78.69,32.252303
610,2014-10-22,78.815,79.85,78.01,78.37,41.862393
611,2014-10-23,79.38,80.63,79.01,80.04,35.0557
612,2014-10-24,80.2,80.8183,79.32,80.67,32.24752
613,2014-10-27,80.74,80.8,79.76,80.28,30.122921
614,2014-10-28,80.18,81.16,79.57,80.77,74.211768
615,2014-10-29,75.45,76.88,74.78,75.86,106.11941
616,2014-10-30,75.05,75.35,72.9,74.11,83.269554
617,2014-10-31,74.93,75.7,74.45,74.99,44.544175
618,2014-11-03,75.47,75.52,73.7,73.88,40.72733
619,2014-11-04,74.23,75.77,73.65,75.76,39.326471
620,2014-11-05,76.51,76.8,74.42,74.83,35.912588
621,2014-11-06,74.89,75.6,74.31,75.26,21.383094
622,2014-11-07,75.39,75.855,75.02,75.6,20.774381
623,2014-11-10,75.36,75.4799,74.61,75.0,21.575126
624,2014-11-11,74.95,74.98,74.03,74.61,18.735123
625,2014-11-12,74.28,75.14,73.54,74.72,26.536609
626,2014-11-13,74.74,75.24,73.64,74.25,26.448451
627,2014-11-14,74.27,74.93,74.04,74.88,19.476878
628,2014-11-17,74.88,75.655,73.88,74.24,28.700991
629,2014-11-18,74.45,74.8,73.9,74.34,20.696643
630,2014-11-19,74.01,74.54,73.11,73.33,25.421163
631,2014-11-20,72.8,73.99,72.51,73.6,19.154862
632,2014-11-21,74.5,74.5,73.5,73.75,23.059382
633,2014-11-24,73.54,74.35,73.35,74.01,22.103831
634,2014-11-25,74.21,75.74,74.13,75.63,32.250205
635,2014-11-26,75.53,77.78,75.51,77.62,32.721585
636,2014-11-28,77.67,78.27,77.23,77.7,15.992035
637,2014-12-01,77.26,77.31,74.8,75.1,31.789836
638,2014-12-02,75.33,75.91,75.04,75.46,16.773884
639,2014-12-03,75.38,75.73,74.4,74.88,16.689687
640,2014-12-04,74.83,75.55,74.66,75.24,14.39052
641,2014-12-05,75.8,76.76,75.36,76.36,24.306446
642,2014-12-08,76.18,77.25,75.4,76.52,25.733853
643,2014-12-09,75.2,76.93,74.78,76.84,25.358584
644,2014-12-10,76.65,77.55,76.07,76.18,32.210532
645,2014-12-11,76.52,78.52,76.48,77.73,33.492261
646,2014-12-12,77.16,78.88,77.02,77.83,28.091617
647,2014-12-15,78.46,78.58,76.56,76.99,29.371902
648,2014-12-16,76.19,77.39,74.59,74.69,31.554593
649,2014-12-17,75.01,76.41,74.9,76.11,29.203184
650,2014-12-18,76.89,78.4,76.51,78.4,34.200298
651,2014-12-19,78.75,80.0,78.33,79.88,43.334992
652,2014-12-22,80.08,81.89,80.0,81.45,31.394775
653,2014-12-23,82.02,82.17,80.4,80.61,19.86472
654,2014-12-24,81.03,81.43,80.75,80.77,7.685481
655,2014-12-26,81.02,81.28,80.51,80.775,10.647388
656,2014-12-29,80.49,80.96,79.71,80.02,14.134666
657,2014-12-30,79.85,80.59,79.1,79.22,14.370763
658,2014-12-31,79.54,79.8,77.86,78.02,20.040439
659,2015-01-02,78.58,78.93,77.7,78.45,18.177475
660,2015-01-05,77.98,79.2455,76.86,77.19,26.452191
661,2015-01-06,77.23,77.59,75.365,76.15,27.39891
662,2015-01-07,76.76,77.36,75.82,76.15,22.045333
663,2015-01-08,76.74,78.23,76.08,78.175,23.960953
664,2015-01-09,78.2,78.62,77.2,77.74,21.157007
665,2015-01-12,77.84,78.0,76.21,76.72,19.190194
666,2015-01-13,77.23,78.08,75.85,76.45,25.179561
667,2015-01-14,76.42,77.2,76.03,76.28,25.918464
668,2015-01-15,76.4,76.57,73.54,74.05,34.133814
669,2015-01-16,74.04,75.32,73.84,75.18,21.731529
670,2015-01-20,75.72,76.31,74.82,76.24,22.821614
671,2015-01-21,76.16,77.3,75.85,76.74,25.096737
672,2015-01-22,77.17,77.75,76.68,77.65,19.519458
673,2015-01-23,77.65,78.19,77.04,77.83,16.746503
674,2015-01-26,77.98,78.47,77.29,77.495,19.26082
675,2015-01-27,76.71,76.88,75.63,75.78,20.109977
676,2015-01-28,76.9,77.638,76.0,76.24,53.306422
677,2015-01-29,76.85,78.02,74.21,78.0,61.293468
678,2015-01-30,78.0,78.16,75.75,75.91,42.637281
679,2015-02-02,76.11,76.14,73.75,74.99,41.954858
680,2015-02-03,75.19,75.58,73.86,75.4,26.957714
681,2015-02-04,75.09,76.35,75.01,75.63,20.277368
682,2015-02-05,75.71,75.98,75.21,75.615,15.063573
683,2015-02-06,75.68,75.7,74.25,74.47,21.210994
684,2015-02-09,74.05,74.83,73.45,74.44,16.194322
685,2015-02-10,74.85,75.34,74.5,75.19,15.811328
686,2015-02-11,75.09,76.75,75.03,76.51,20.622808
687,2015-02-12,76.86,76.87,75.89,76.23,17.234976
688,2015-02-13,76.46,76.48,75.5,75.74,18.62186
689,2015-02-17,75.3,76.91,75.08,75.6,25.2544
690,2015-02-18,75.94,76.9,75.45,76.71,22.426421
691,2015-02-19,76.986,79.84,76.95,79.42,45.851129
692,2015-02-20,79.55,80.34,79.2,79.895,36.931698
693,2015-02-23,79.96,80.19,78.38,78.84,24.139056
694,2015-02-24,78.5,79.48,78.1,78.45,18.897133
695,2015-02-25,78.5,80.2,78.5,79.56,25.59369
696,2015-02-26,79.88,81.37,79.72,80.41,31.102041
697,2015-02-27,80.68,81.23,78.62,78.97,30.739181
698,2015-03-02,79.0,79.855,78.52,79.75,21.662537
699,2015-03-03,79.61,79.7,78.52,79.6,18.634973
700,2015-03-04,79.3,81.15,78.85,80.895,28.124087
701,2015-03-05,81.23,81.99,81.05,81.21,27.825733
702,2015-03-06,80.9,81.33,79.83,80.005,24.482726
703,2015-03-09,79.68,79.91,78.63,79.44,18.925097
704,2015-03-10,78.5,79.26,77.55,77.55,23.067057
705,2015-03-11,77.8,78.43,77.26,77.57,20.215704
706,2015-03-12,78.1,79.05,77.91,78.93,16.093319
707,2015-03-13,78.6,79.38,77.68,78.05,18.557296
708,2015-03-16,77.96,78.12,77.36,78.07,19.305406
709,2015-03-17,78.36,79.78,78.34,79.365,22.169969
710,2015-03-18,79.25,81.24,79.17,80.91,36.912446
711,2015-03-19,81.12,83.0,81.0,82.75,42.099523
712,2015-03-20,83.39,84.6,83.07,83.8,44.466323
713,2015-03-23,83.92,84.96,83.3,84.43,27.357333
714,2015-03-24,84.71,86.0699,84.52,85.31,32.576522
715,2015-03-25,85.5,85.52,82.92,82.92,37.436147
716,2015-03-26,82.72,83.77,82.14,83.01,32.7948
717,2015-03-27,83.38,83.95,82.88,83.3,18.372582
718,2015-03-30,83.81,84.34,82.41,83.195,24.527433
719,2015-03-31,82.9,83.5,82.21,82.215,19.734277
720,2015-04-01,82.5,82.72,80.87,81.665,22.058167
721,2015-04-02,82.25,82.56,81.44,81.555,19.664053
722,2015-04-06,80.8,82.81,80.8,82.44,19.062934
723,2015-04-07,82.65,83.42,82.22,82.32,17.467042
724,2015-04-08,82.63,83.1,81.84,82.275,18.966732
725,2015-04-09,82.5,82.8,81.71,82.17,15.927281
726,2015-04-10,82.21,82.61,81.91,82.04,12.529738
727,2015-04-13,81.93,83.94,81.92,83.01,26.882694
728,2015-04-14,83.17,83.69,82.44,83.515,19.634173
729,2015-04-15,83.55,83.66,82.27,82.705,22.390943
730,2015-04-16,82.47,83.07,82.15,82.31,13.769687
731,2015-04-17,81.48,82.11,80.37,80.775,24.214983
732,2015-04-20,81.54,83.15,81.24,83.09,28.796749
733,2015-04-21,84.0,84.49,83.54,83.62,27.171852
734,2015-04-22,84.32,84.74,83.65,84.63,45.528483
735,2015-04-23,84.1,85.59,82.41,82.41,73.72808
736,2015-04-24,82.77,82.94,81.48,81.53,29.660356
737,2015-04-27,81.87,82.93,81.63,81.91,25.446032
738,2015-04-28,81.83,81.9,80.23,80.68,23.775344
739,2015-04-29,80.01,81.39,79.52,80.465,26.430258
740,2015-04-30,80.01,80.96,78.32,78.77,28.999005
741,2015-05-01,79.24,79.76,78.11,78.99,24.136358
742,2015-05-04,79.33,79.69,78.6301,78.81,14.691991
743,2015-05-05,78.55,78.8,77.22,77.56,22.310918
744,2015-05-06,77.97,78.81,77.05,78.1,28.663026
745,2015-05-07,78.0,78.94,77.56,78.425,19.747373
746,2015-05-08,79.1,79.23,78.03,78.51,19.943505
747,2015-05-11,78.48,79.03,77.93,78.01,18.872754
748,2015-05-12,77.87,77.89,76.79,77.46,21.28531
749,2015-05-13,77.72,78.53,77.65,78.44,21.512309
750,2015-05-14,78.94,81.845,78.67,81.37,49.437919
751,2015-05-15,81.41,81.52,80.18,80.42,27.069884
752,2015-05-18,80.33,81.38,80.23,80.88,21.613674
753,2015-05-19,81.25,81.69,80.55,80.63,17.955389
754,2015-05-20,80.47,81.1,79.46,80.55,23.056899
755,2015-05-21,80.19,80.92,80.08,80.48,13.402749
756,2015-05-22,80.35,81.31,80.25,80.54,19.567937
757,2015-05-26,80.43,80.6,79.08,79.335,16.321339
758,2015-05-27,79.6,80.66,79.43,80.55,14.160865
759,2015-05-28,80.25,81.0745,80.0,80.145,11.982008
760,2015-05-29,79.95,80.07,78.88,79.19,16.13458
761,2015-06-01,79.3,80.38,78.66,80.29,18.119012
762,2015-06-02,79.76,81.35,79.56,80.445,18.9233
763,2015-06-03,81.35,82.53,81.25,82.44,31.774493
764,2015-06-04,82.14,82.95,81.51,82.05,20.768746
765,2015-06-05,81.87,82.46,81.51,82.14,16.143093
766,2015-06-08,81.82,82.0,80.13,80.67,16.915471
767,2015-06-09,80.6,81.19,79.32,80.67,16.497538
768,2015-06-10,80.83,82.6,80.81,82.16,21.531208
769,2015-06-11,82.31,82.9,81.36,81.83,18.656811
770,2015-06-12,81.37,82.09,81.2,81.53,11.417882
771,2015-06-15,80.55,80.93,80.07,80.71,18.804387
772,2015-06-16,80.82,81.51,80.45,81.06,13.693666
773,2015-06-17,81.76,82.22,81.34,81.79,18.350287
774,2015-06-18,81.64,83.19,81.57,82.905,26.782573
775,2015-06-19,82.83,82.98,82.12,82.51,23.353194
776,2015-06-22,83.41,84.97,83.31,84.74,29.383079
777,2015-06-23,84.96,87.97,84.76,87.88,50.642853
778,2015-06-24,87.66,89.25,87.45,88.86,41.370227
779,2015-06-25,89.26,89.4,87.835,87.98,27.301967
780,2015-06-26,88.12,88.34,86.8283,88.01,38.214647
781,2015-06-29,86.61,87.5,85.73,85.8,35.957872
782,2015-06-30,86.6,86.7,85.57,85.765,23.228883
783,2015-07-01,86.77,87.95,86.49,86.91,25.260045
784,2015-07-02,87.4,87.44,86.3401,87.285,16.908781
785,2015-07-06,86.49,88.1846,86.39,87.55,24.635915
786,2015-07-07,87.8,87.85,85.231,87.22,33.059921
787,2015-07-08,86.29,86.75,85.445,85.65,24.39934
788,2015-07-09,86.73,87.6,85.6499,85.88,23.307402
789,2015-07-10,87.35,88.22,86.77,87.95,23.245732
790,2015-07-13,88.66,90.22,88.42,90.1,29.97667
791,2015-07-14,90.46,90.8,89.65,89.68,26.627849
792,2015-07-15,90.0,90.99,89.42,89.76,30.886601
793,2015-07-16,90.28,90.86,89.77,90.85,21.804086
794,2015-07-17,92.55,95.39,92.54,94.97,54.001635
795,2015-07-20,95.85,98.6,95.36,97.91,54.839821
796,2015-07-21,98.95,99.24,97.1427,98.39,39.453332
797,2015-07-22,96.74,97.58,95.92,97.04,28.299518
798,2015-07-23,96.96,97.45,94.81,95.44,29.418833
799,2015-07-24,97.35,97.76,95.88,96.95,33.44493
800,2015-07-27,96.58,96.61,93.8301,94.17,38.5361
801,2015-07-28,94.84,95.56,93.31,95.29,35.235993
802,2015-07-29,96.32,97.28,94.74,96.99,64.64832
803,2015-07-30,94.91,95.81,91.8,95.21,86.211323
804,2015-07-31,94.95,96.33,93.95,94.01,46.509045
805,2015-08-03,93.53,95.08,92.8,94.14,29.343117
806,2015-08-04,93.79,94.73,93.33,94.06,20.136036
807,2015-08-05,95.25,97.09,95.18,96.44,29.813174
808,2015-08-06,97.18,98.74,94.42,95.12,42.271318
809,2015-08-07,95.38,95.4,93.61,94.3,23.199145
810,2015-08-10,95.68,95.9,93.63,94.15,21.624153
811,2015-08-11,93.73,94.76,92.9006,93.62,22.491031
812,2015-08-12,92.7,94.44,91.19,94.19,27.120375
813,2015-08-13,94.05,94.73,93.35,93.43,17.451768
814,2015-08-14,93.54,94.72,93.21,94.42,15.929656
815,2015-08-17,94.42,94.46,93.39,93.93,18.313531
816,2015-08-18,94.08,95.85,94.04,95.17,22.278848
817,2015-08-19,94.63,96.1,94.161,95.31,23.251271
818,2015-08-20,93.54,94.77,90.46,90.56,44.597224
819,2015-08-21,87.52,89.18,85.61,86.06,62.777735
820,2015-08-24,77.03,87.14,72.0,82.09,83.68458
821,2015-08-25,86.95,87.67,83.0,83.0,52.01923
822,2015-08-26,85.95,87.46,83.26,87.19,45.124302
823,2015-08-27,89.1,90.06,87.19,89.73,42.431278
824,2015-08-28,89.88,91.48,89.792,91.01,33.215885
825,2015-08-31,90.6,91.05,88.89,89.43,32.850666
826,2015-09-01,86.85,89.39,86.5,87.23,36.09737
827,2015-09-02,88.81,89.89,87.63,89.89,27.190527
828,2015-09-03,89.76,89.82,87.73,88.15,27.048198
829,2015-09-04,87.2,88.39,86.7,88.26,27.328667
830,2015-09-08,89.69,90.24,88.83,89.53,27.012543
831,2015-09-09,90.78,91.98,90.17,90.44,32.551123
832,2015-09-10,90.07,92.06,89.63,91.98,26.437398
833,2015-09-11,91.68,92.08,91.13,92.05,21.185049
834,2015-09-14,92.31,92.62,91.6,92.31,20.127871
835,2015-09-15,92.37,93.25,91.79,92.9,18.859351
836,2015-09-16,92.9,93.6,92.63,93.45,16.321193
837,2015-09-17,93.37,95.51,92.9,94.34,27.841803
838,2015-09-18,93.2,95.19,93.05,94.4,62.299984
839,2015-09-21,94.62,96.49,94.52,95.55,28.789831
840,2015-09-22,93.77,94.68,91.92,92.96,36.883893
841,2015-09-23,93.4,94.32,92.8,93.97,21.701427
842,2015-09-24,93.06,94.765,92.24,94.41,29.105964
843,2015-09-25,95.79,95.85,92.06,92.77,28.661472
844,2015-09-28,92.08,92.29,88.18,89.21,41.199745
845,2015-09-29,89.1,90.06,85.72,86.67,42.281823
846,2015-09-30,88.44,90.02,88.01,89.9,36.169146
847,2015-10-01,90.05,90.95,88.36,90.95,29.283652
848,2015-10-02,88.9,92.2,88.37,92.07,37.879807
849,2015-10-05,92.94,94.27,92.66,94.01,27.292517
850,2015-10-06,94.08,94.17,92.34,92.8,22.487915
851,2015-10-07,93.11,93.66,91.37,92.4,24.129277
852,2015-10-08,91.89,93.22,90.47,92.47,27.259523
853,2015-10-09,92.9,93.74,92.239,93.24,20.012911
854,2015-10-12,93.32,94.6,92.67,94.26,18.449562
855,2015-10-13,93.66,95.37,93.55,94.12,19.480347
856,2015-10-14,94.08,95.2,93.61,94.07,19.253351
857,2015-10-15,94.99,96.3,94.9,95.96,27.551291
858,2015-10-16,96.18,97.59,95.35,97.54,25.412856
859,2015-10-19,97.18,98.57,96.92,98.47,23.729924
860,2015-10-20,98.73,99.59,96.56,97.0,30.881777
861,2015-10-21,97.37,98.18,96.47,97.11,22.00373
862,2015-10-22,97.79,99.73,97.55,99.67,26.392075
863,2015-10-23,101.91,102.85,100.16,102.19,42.809661
864,2015-10-26,102.2,103.81,101.55,103.77,25.961017
865,2015-10-27,102.94,104.1,102.4,103.7,23.795467
866,2015-10-28,103.9,104.48,102.92,104.2,24.081515
867,2015-10-29,103.96,105.12,103.52,104.88,20.280691
868,2015-10-30,104.51,104.72,101.65,101.97,33.480804
869,2015-11-02,102.46,103.47,101.18,103.31,24.000144
870,2015-11-03,103.22,103.65,102.4,102.58,21.238791
871,2015-11-04,103.19,104.14,102.48,103.94,43.469308
872,2015-11-05,108.8,110.65,107.95,108.76,63.232861
873,2015-11-06,108.04,108.74,105.91,107.095,35.084342
874,2015-11-09,107.0,108.25,105.86,106.49,26.38354
875,2015-11-10,105.96,108.15,105.24,107.91,25.028812
876,2015-11-11,108.27,109.87,107.11,109.01,25.057099
877,2015-11-12,108.48,109.39,108.0,108.02,20.924674
878,2015-11-13,107.71,108.25,103.83,103.95,30.278403
879,2015-11-16,103.32,104.17,100.47,104.04,49.309164
880,2015-11-17,104.62,106.2,104.14,105.13,26.79913
881,2015-11-18,105.8,107.88,105.39,107.77,23.836526
882,2015-11-19,107.36,107.73,105.95,106.26,25.520599
883,2015-11-20,106.84,107.87,106.62,107.32,22.129648
884,2015-11-23,107.19,107.468,106.08,106.95,19.89692
885,2015-11-24,106.0,106.49,104.39,105.74,23.577293
886,2015-11-25,106.33,106.6,105.1,105.41,15.150785
887,2015-11-27,105.78,105.96,104.86,105.45,5.913066
888,2015-11-30,105.84,106.0999,103.75,104.24,20.383179
889,2015-12-01,104.83,107.15,104.5,107.12,22.781868
890,2015-12-02,107.0,107.92,105.79,106.07,24.429063
891,2015-12-03,106.27,106.85,103.35,104.38,23.236423
892,2015-12-04,104.81,107.73,104.11,106.18,21.224521
893,2015-12-07,106.48,106.83,104.66,105.61,15.47489
894,2015-12-08,104.0,106.91,103.95,106.49,20.401791
895,2015-12-09,106.18,106.44,103.55,104.6,23.517268
896,2015-12-10,105.05,106.4,104.41,105.42,17.454312
897,2015-12-11,104.15,104.34,101.91,102.12,26.427727
898,2015-12-14,102.285,104.74,101.46,104.66,24.813496
899,2015-12-15,105.3,105.8,104.28,104.55,21.764331
900,2015-12-16,105.37,107.09,104.19,106.79,22.680547
901,2015-12-17,107.49,107.75,106.13,106.22,21.672286
902,2015-12-18,106.08,106.59,103.97,104.04,35.994199
903,2015-12-21,104.91,105.15,103.6,104.77,16.133186
904,2015-12-22,105.22,105.6601,104.81,105.51,14.597122
905,2015-12-23,105.89,106.11,103.86,104.63,19.599473
906,2015-12-24,104.74,105.32,104.5,105.02,6.512134
907,2015-12-28,105.02,105.98,104.53,105.93,13.069733
908,2015-12-29,106.42,107.74,106.25,107.26,17.179551
909,2015-12-30,107.0,107.25,106.06,106.22,13.115007
910,2015-12-31,106.0,106.17,104.62,104.66,18.391064
911,2016-01-04,101.95,102.24,99.75,102.22,37.912403
912,2016-01-05,102.89,103.7099,101.665,102.73,23.258238
913,2016-01-06,101.13,103.77,100.9,102.97,25.096183
914,2016-01-07,100.5,101.43,97.3,97.92,45.172906
915,2016-01-08,99.88,100.5,97.0311,97.33,35.402298
916,2016-01-11,97.91,98.6,95.39,97.51,29.932385
917,2016-01-12,99.0,99.96,97.55,99.37,28.39539
918,2016-01-13,100.58,100.58,95.21,95.44,33.410553
919,2016-01-14,95.85,98.87,92.45,98.37,48.658623
920,2016-01-15,93.98,96.38,93.54,94.97,46.132781
921,2016-01-19,96.53,97.42,93.92,95.26,30.998256
922,2016-01-20,92.83,95.0,89.37,94.35,59.051429
923,2016-01-21,94.91,95.99,92.62,94.16,30.518939
924,2016-01-22,96.41,98.07,95.49,97.94,30.494987
925,2016-01-25,98.72,99.48,96.93,97.01,32.482015
926,2016-01-26,97.76,97.88,95.66,97.34,26.87708
927,2016-01-27,97.79,97.85,94.23,94.45,58.699359
928,2016-01-28,107.2,110.34,104.81,109.11,107.475327
929,2016-01-29,108.99,112.84,108.84,112.21,62.737848
930,2016-02-01,112.27,115.72,112.01,115.09,46.132726
931,2016-02-02,114.8,117.59,113.2,114.61,58.016371
932,2016-02-03,115.27,115.3407,109.75,112.69,56.919324
933,2016-02-04,111.8,111.94,109.25,110.49,38.890199
934,2016-02-05,109.51,109.58,103.18,104.07,76.892633
935,2016-02-08,100.41,102.68,97.46,99.75,71.229746
936,2016-02-09,97.14,102.4,96.82,99.54,62.709018
937,2016-02-10,101.55,103.25,100.24,101.0,45.17937
938,2016-02-11,99.6,105.11,98.88,101.91,43.670634
939,2016-02-12,103.74,104.24,101.09,102.01,36.17676
940,2016-02-16,103.8,103.93,100.24,101.61,45.687224
941,2016-02-17,101.94,105.72,100.4,105.2,44.073369
942,2016-02-18,105.8,106.0,103.03,103.47,29.593508
943,2016-02-19,102.55,105.02,102.06,104.57,32.404516
944,2016-02-22,105.49,108.25,105.34,107.16,35.698355
945,2016-02-23,106.85,107.47,105.12,105.46,25.319311
946,2016-02-24,104.21,106.95,102.74,106.88,34.412437
947,2016-02-25,107.11,108.07,105.61,108.07,29.906278
948,2016-02-26,108.7,109.45,107.16,107.92,26.686193
949,2016-02-29,107.6,108.9101,106.75,106.92,32.778992
950,2016-03-01,107.83,109.82,107.6,109.82,26.817309
951,2016-03-02,109.68,110.55,108.77,109.95,25.67017
952,2016-03-03,110.25,110.3,108.54,109.58,21.353092
953,2016-03-04,110.05,110.05,107.93,108.39,24.938858
954,2016-03-07,108.07,108.07,104.72,105.73,31.528655
955,2016-03-08,104.78,107.37,104.4,105.93,25.616963
956,2016-03-09,106.7,107.51,105.49,107.51,20.493305
957,2016-03-10,107.91,108.66,105.7699,107.32,24.854284
958,2016-03-11,108.48,109.42,107.92,109.41,20.697553
959,2016-03-14,109.28,110.33,108.77,109.89,17.249365
960,2016-03-15,109.11,110.83,108.84,110.67,17.61846
961,2016-03-16,110.49,112.5,110.1,112.18,24.744778
962,2016-03-17,112.15,112.69,110.73,111.02,24.241247
963,2016-03-18,111.56,112.42,110.27,111.45,36.256877
964,2016-03-21,111.66,112.37,111.03,111.85,18.447974
965,2016-03-22,111.36,112.88,111.17,112.25,19.001076
966,2016-03-23,112.01,113.19,112.0,112.54,18.561974
967,2016-03-24,112.13,113.09,111.68,113.05,17.839119
968,2016-03-28,113.32,114.5889,112.95,113.69,21.351751
969,2016-03-29,113.83,116.32,113.64,116.14,29.82534
970,2016-03-30,116.73,116.99,114.355,114.7,33.235184
971,2016-03-31,114.7,115.01,113.7682,114.1,21.207526
972,2016-04-01,113.75,116.17,113.35,116.06,24.760504
973,2016-04-04,114.07,114.55,111.61,112.55,48.487913
974,2016-04-05,112.11,113.32,111.9,112.22,22.962365
975,2016-04-06,112.47,113.81,112.42,113.71,20.78264
976,2016-04-07,113.79,114.89,113.0663,113.64,20.714487
977,2016-04-08,114.25,114.33,109.9,110.63,48.497808
978,2016-04-11,110.7,110.91,108.77,108.99,39.762304
979,2016-04-12,109.34,111.1645,108.99,110.61,26.248081
980,2016-04-13,112.23,112.65,106.52,110.51,88.227393
981,2016-04-14,110.62,112.04,110.26,110.84,28.473282
982,2016-04-15,110.79,110.97,109.2,109.64,20.922803
983,2016-04-18,109.74,110.81,109.2,110.45,21.167199
984,2016-04-19,111.1,112.45,109.16,112.29,30.210455
985,2016-04-20,112.43,113.27,111.56,112.42,21.027901
986,2016-04-21,112.55,114.04,112.31,113.44,20.87523
987,2016-04-22,111.21,111.75,109.01,110.56,38.458201
988,2016-04-25,109.87,110.67,109.07,110.1,21.017895
989,2016-04-26,110.49,110.5,108.15,108.76,22.521534
990,2016-04-27,107.94,108.94,106.31,108.89,52.213107
991,2016-04-28,119.575,120.79,116.23,116.73,87.11008
992,2016-04-29,116.82,117.84,115.84,117.58,37.140344
993,2016-05-02,117.83,118.73,116.57,118.57,28.094218
994,2016-05-03,117.52,118.16,117.02,117.43,24.117418
995,2016-05-04,116.61,118.3,116.57,118.06,23.44844
996,2016-05-05,118.04,118.98,117.25,117.81,22.056705
997,2016-05-06,117.16,119.637,117.1127,119.49,26.395568
998,2016-05-09,119.54,120.28,118.9,119.24,21.138059
999,2016-05-10,119.62,120.5,119.0,120.5,23.220046
1000,2016-05-11,120.41,121.08,119.42,119.52,22.038396
1001,2016-05-12,119.98,120.84,118.9,120.28,22.035465
1002,2016-05-13,120.38,120.64,119.68,119.81,18.124286
1003,2016-05-16,119.38,119.61,117.35,118.67,31.247834
1004,2016-05-17,118.82,119.01,117.2,117.35,21.328648
1005,2016-05-18,116.8,118.27,116.73,117.65,21.642299
1006,2016-05-19,117.05,117.49,115.88,116.81,20.544109
1007,2016-05-20,116.96,117.99,116.95,117.35,18.944831
1008,2016-05-23,117.42,117.6,115.94,115.97,20.441004
1009,2016-05-24,116.24,117.73,116.12,117.7,20.180897
1010,2016-05-25,118.13,118.665,117.38,117.89,20.035494
1011,2016-05-26,118.24,119.7601,117.92,119.47,18.48134
1012,2016-05-27,119.56,119.85,119.01,119.38,13.493563
1013,2016-05-31,119.46,120.1,118.121,118.81,23.546597
1014,2016-06-01,118.5,119.08,117.82,118.78,15.029494
1015,2016-06-02,118.69,135.6,118.22,118.93,13.22831
1016,2016-06-03,118.975,118.98,117.86,118.47,14.135114
1017,2016-06-06,118.62,119.43,118.36,118.79,12.744676
1018,2016-06-07,119.24,119.3,117.67,117.76,17.103023
1019,2016-06-08,117.76,118.6,117.27,118.39,14.505596
1020,2016-06-09,118.13,118.68,117.71,118.56,13.85924
1021,2016-06-10,117.54,118.11,116.26,116.62,18.510826
1022,2016-06-13,115.0,115.48,113.31,113.95,31.717939
1023,2016-06-14,114.07,114.95,113.58,114.94,17.618479
1024,2016-06-15,115.3,115.44,114.07,114.6,19.819432
1025,2016-06-16,113.87,114.5,112.94,114.39,19.235055
1026,2016-06-17,114.42,114.43,112.56,113.02,24.644308
1027,2016-06-20,113.77,114.72,112.75,113.37,20.78539
1028,2016-06-21,114.12,115.2142,113.97,114.38,19.166269
1029,2016-06-22,114.65,114.74,113.61,113.91,14.846329
1030,2016-06-23,114.37,115.09,113.54,115.08,16.176895
1031,2016-06-24,111.01,113.68,111.0,112.08,40.64313
1032,2016-06-27,111.57,111.57,108.23,108.97,36.409606
1033,2016-06-28,110.63,112.75,110.55,112.7,26.808812
1034,2016-06-29,113.37,114.25,113.04,114.16,20.968273
1035,2016-06-30,114.67,115.18,113.67,114.28,23.192716
1036,2016-07-01,114.2,115.13,113.81,114.19,14.980023
1037,2016-07-05,113.94,114.11,112.97,114.0,14.207037
1038,2016-07-06,113.36,116.79,112.97,116.7,24.337586
1039,2016-07-07,116.63,116.97,115.36,115.85,16.613751
1040,2016-07-08,116.43,117.5,115.85,117.24,18.142597
1041,2016-07-11,117.71,118.7,117.5,117.87,17.71157
1042,2016-07-12,118.63,118.72,117.57,117.93,15.2177
1043,2016-07-13,118.39,118.4,116.68,116.78,16.207662
1044,2016-07-14,117.5,117.64,116.7,117.29,14.579736
1045,2016-07-15,117.74,118.28,116.58,116.86,16.645964
1046,2016-07-18,117.32,119.61,116.89,119.37,20.868367
1047,2016-07-19,118.99,120.85,118.66,120.61,21.541292
1048,2016-07-20,121.25,122.2,120.56,121.92,20.046452
1049,2016-07-21,121.92,122.1,120.25,120.61,17.766663
1050,2016-07-22,119.9,121.01,119.31,121.0,18.4174
1051,2016-07-25,121.39,121.85,117.78,121.63,18.487449
1052,2016-07-26,122.0,122.07,120.75,121.22,17.611964
1053,2016-07-27,122.42,125.0,121.51,123.34,52.654214
1054,2016-07-28,127.52,128.33,123.63,125.0,78.955758
1055,2016-07-29,124.65,125.84,123.71,123.94,35.058803
1056,2016-08-01,123.85,124.58,122.86,124.31,25.006749
1057,2016-08-02,124.06,124.8,122.07,123.09,23.968414
1058,2016-08-03,123.09,123.92,122.31,122.51,18.525316
1059,2016-08-04,122.94,124.79,122.51,124.36,21.065944
1060,2016-08-05,124.98,125.835,124.6184,125.15,20.184035
1061,2016-08-08,125.25,125.45,124.55,125.26,15.233929
1062,2016-08-09,125.34,126.09,124.53,125.06,19.620967
1063,2016-08-10,125.07,125.48,124.54,124.88,10.633148
1064,2016-08-11,125.2,125.38,124.75,124.9,11.729519
1065,2016-08-12,124.7,125.0,124.18,124.88,12.158955
1066,2016-08-15,124.91,124.92,123.7,123.9,19.29513
1067,2016-08-16,123.5,123.92,122.78,123.3,14.22241
1068,2016-08-17,123.66,124.38,122.85,124.37,13.794179
1069,2016-08-18,124.01,124.26,123.64,123.91,12.400816
1070,2016-08-19,123.6,124.157,123.28,123.56,11.660164
1071,2016-08-22,123.33,124.83,123.11,124.15,14.386361
1072,2016-08-23,124.51,125.09,124.25,124.37,13.309452
1073,2016-08-24,124.47,124.69,123.09,123.48,12.243719
1074,2016-08-25,123.12,124.37,123.1,123.89,10.730811
1075,2016-08-26,124.05,125.19,123.91,124.96,17.504825
1076,2016-08-29,124.35,126.73,124.35,126.54,15.9259
1077,2016-08-30,126.6,126.6,125.15,125.84,17.804286
1078,2016-08-31,125.6,126.22,125.1,126.12,14.200636
1079,2016-09-01,126.38,126.63,125.6,126.17,13.536125
1080,2016-09-02,126.85,126.86,126.0,126.51,12.118773
1081,2016-09-06,126.67,129.94,126.47,129.73,26.274857
1082,2016-09-07,130.04,131.98,129.95,131.05,27.990796
1083,2016-09-08,130.92,131.08,129.81,130.27,15.676595
1084,2016-09-09,129.71,129.949,127.1,127.1,27.100679
1085,2016-09-12,125.96,128.76,125.75,128.69,21.252752
1086,2016-09-13,128.03,128.35,126.66,127.21,18.013982
1087,2016-09-14,126.89,128.8,126.89,127.77,15.713888
1088,2016-09-15,127.98,129.1,127.67,128.35,15.111838
1089,2016-09-16,128.2,129.18,128.2,129.07,24.119174
1090,2016-09-19,129.91,129.94,128.26,128.65,14.958794
1091,2016-09-20,128.65,129.17,128.0307,128.64,11.08378
1092,2016-09-21,129.13,130.005,128.39,129.94,14.068336
1093,2016-09-22,130.5,130.73,129.56,130.08,15.538307
1094,2016-09-23,127.56,128.6,127.3,127.96,28.326166
1095,2016-09-26,127.37,128.16,126.8,127.31,15.06494
1096,2016-09-27,127.61,129.01,127.43,128.69,15.629261
1097,2016-09-28,129.21,129.47,128.4,129.23,12.047636
1098,2016-09-29,129.18,129.29,127.55,128.09,14.532241
1099,2016-09-30,128.03,128.59,127.45,128.27,18.402945
1100,2016-10-03,128.38,129.09,127.8,128.77,13.156943
1101,2016-10-04,129.17,129.2765,127.5499,128.19,14.307548
1102,2016-10-05,128.25,128.8,127.83,128.47,12.386753
1103,2016-10-06,128.43,129.06,128.08,128.74,11.682727
1104,2016-10-07,129.04,129.25,128.33,128.99,12.80442
1105,2016-10-10,129.68,130.7,129.2,130.24,14.95872
1106,2016-10-11,130.23,130.64,128.23,128.88,17.537928
1107,2016-10-12,129.01,129.66,128.46,129.05,11.072991
1108,2016-10-13,128.21,128.25,126.75,127.82,17.139306
1109,2016-10-14,128.49,128.95,127.58,127.88,13.345292
1110,2016-10-17,128.2,128.47,127.32,127.54,11.351681
1111,2016-10-18,128.68,129.39,128.01,128.57,13.503967
1112,2016-10-19,128.74,130.47,128.6,130.11,16.745001
1113,2016-10-20,130.07,130.66,129.5,130.0,13.167503
1114,2016-10-21,129.78,132.13,129.7,132.07,19.088794
1115,2016-10-24,132.72,133.405,132.15,133.28,17.470191
1116,2016-10-25,133.5,133.5,132.22,132.29,13.330287
1117,2016-10-26,131.64,132.26,130.935,131.04,13.084731
1118,2016-10-27,131.74,131.8,129.27,129.69,16.741393
1119,2016-10-28,130.5,132.97,129.93,131.29,24.527947
1120,2016-10-31,132.01,132.12,130.8835,130.99,15.668982
1121,2016-11-01,131.41,131.94,128.65,129.5,22.077779
1122,2016-11-02,130.23,130.23,126.28,127.17,50.190225
1123,2016-11-03,122.0,123.28,119.5,120.0,63.766259
1124,2016-11-04,119.59,121.93,119.25,120.75,30.475466
1125,2016-11-07,122.83,123.2089,121.35,122.15,23.00888
1126,2016-11-08,122.03,124.61,121.54,124.22,19.460768
1127,2016-11-09,121.5,123.81,120.51,123.18,31.91602
1128,2016-11-10,123.93,124.18,115.27,120.8,67.846704
1129,2016-11-11,119.53,120.7,118.15,119.02,32.840137
1130,2016-11-14,119.1256,119.1256,113.5535,115.08,51.35814
1131,2016-11-15,116.73,118.49,115.83,117.2,34.681369
1132,2016-11-16,114.48,117.88,114.21,116.34,32.397947
1133,2016-11-17,116.81,117.79,116.01,117.79,18.597766
1134,2016-11-18,118.39,119.13,116.84,117.02,22.879303
1135,2016-11-21,118.2,121.95,117.8,121.77,35.415366
1136,2016-11-22,122.4,122.98,120.9,121.47,26.089163
1137,2016-11-23,121.23,121.31,119.94,120.84,15.672136
1138,2016-11-25,121.01,121.14,120.07,120.38,8.658605
1139,2016-11-28,120.12,121.69,119.82,120.41,18.101314
1140,2016-11-29,120.57,122.1,120.4,120.87,18.890956
1141,2016-11-30,120.32,121.79,117.95,118.42,30.188922
1142,2016-12-01,118.38,118.45,114.0,115.1,43.276994
1143,2016-12-02,115.11,116.48,114.3,115.4,24.770364
1144,2016-12-05,115.95,117.57,115.07,117.43,20.201528
1145,2016-12-06,117.69,117.795,116.33,117.31,19.131202
1146,2016-12-07,117.0,117.95,116.57,117.95,21.913658
1147,2016-12-08,117.98,119.5,117.64,118.91,22.442756
1148,2016-12-09,119.22,119.94,118.95,119.68,17.464736
1149,2016-12-12,119.22,119.24,117.65,117.77,17.805527
1150,2016-12-13,117.86,121.52,117.61,120.31,29.768028
1151,2016-12-14,120.0,121.69,118.85,120.21,25.913095
1152,2016-12-15,120.08,122.5,119.63,120.57,20.139568
1153,2016-12-16,120.9,121.5,119.27,119.87,25.324299
1154,2016-12-19,119.85,120.36,118.51,119.24,15.918146
1155,2016-12-20,119.5,119.77,118.8,119.09,13.684402
1156,2016-12-21,118.92,119.2,118.48,119.04,10.767646
1157,2016-12-22,118.86,118.99,116.93,117.4,16.258587
1158,2016-12-23,117.0,117.56,116.3,117.27,10.889985
1159,2016-12-27,116.96,118.68,116.864,118.01,12.051481
1160,2016-12-28,118.19,118.25,116.65,116.92,12.087377
1161,2016-12-29,117.0,117.531,116.06,116.35,9.934873
1162,2016-12-30,116.595,116.83,114.7739,115.05,18.684106
1163,2017-01-03,116.03,117.84,115.51,116.86,20.663912
1164,2017-01-04,117.55,119.66,117.29,118.69,19.630932
1165,2017-01-05,118.86,120.95,118.3209,120.67,19.49215
1166,2017-01-06,120.98,123.88,120.03,123.41,28.545263
1167,2017-01-09,123.55,125.43,123.04,124.9,22.88036
1168,2017-01-10,124.82,125.5,124.28,124.35,17.32459
1169,2017-01-11,124.35,126.12,124.06,126.09,18.356523
1170,2017-01-12,125.61,126.73,124.8,126.62,18.653914
1171,2017-01-13,127.49,129.27,127.37,128.34,24.884325
1172,2017-01-17,128.04,128.34,127.4,127.87,15.29446
1173,2017-01-18,128.41,128.43,126.84,127.92,13.145852
1174,2017-01-19,128.23,128.35,127.45,127.55,12.195465
1175,2017-01-20,128.1,128.48,126.78,127.04,19.097223
1176,2017-01-23,127.31,129.25,126.95,128.93,16.593563
1177,2017-01-24,129.38,129.9,128.38,129.37,15.162724
1178,2017-01-25,130.0,131.74,129.77,131.48,18.777314
1179,2017-01-26,131.63,133.14,131.4401,132.78,20.020141
1180,2017-01-27,132.68,132.95,131.08,132.18,19.539514
1181,2017-01-30,131.58,131.58,129.6,130.98,18.956095
1182,2017-01-31,130.17,130.66,129.5157,130.32,19.790484
1183,2017-02-01,132.25,133.49,130.68,133.23,50.139775
1184,2017-02-02,133.22,135.49,130.4,130.84,54.366447
1185,2017-02-03,131.24,132.85,130.76,130.98,24.80489
1186,2017-02-06,130.98,132.06,130.3,132.06,17.058494
1187,2017-02-07,132.24,133.0,131.661,131.84,14.596449
1188,2017-02-08,132.6,134.44,132.44,134.2,22.390556
1189,2017-02-09,134.49,134.5,133.31,134.14,16.470609
1190,2017-02-10,134.1,134.94,133.68,134.19,15.061939
1191,2017-02-13,134.6975,134.6975,133.7,134.05,13.526221
1192,2017-02-14,134.1,134.23,132.55,133.85,14.360327
1193,2017-02-15,133.45,133.7,132.66,133.44,13.226534
1194,2017-02-16,133.07,133.87,133.022,133.84,12.694192
1195,2017-02-17,133.5,134.0912,133.17,133.53,12.27649
1196,2017-02-21,133.5,133.91,132.9,133.72,14.759109
1197,2017-02-22,133.6,136.79,133.46,136.12,27.360092
1198,2017-02-23,135.89,136.12,134.33,135.36,18.422549
1199,2017-02-24,134.16,135.62,134.16,135.44,12.625742
1200,2017-02-27,135.26,137.1846,135.02,136.41,14.306668
1201,2017-02-28,136.79,136.805,134.75,135.54,16.112092
1202,2017-03-01,136.47,137.48,136.3,137.42,16.25701
1203,2017-03-02,137.09,137.82,136.31,136.76,12.294804
1204,2017-03-03,136.63,137.33,136.08,137.17,11.160563
1205,2017-03-06,136.88,137.83,136.51,137.42,12.748179
1206,2017-03-07,137.03,138.37,136.99,137.3,13.527132
1207,2017-03-08,137.15,137.99,137.0516,137.72,10.179614
1208,2017-03-09,137.72,138.57,137.4,138.24,15.535259
1209,2017-03-10,138.91,139.49,138.22,138.79,16.314113
1210,2017-03-13,138.71,139.68,138.6729,139.6,10.95545
1211,2017-03-14,139.46,139.46,138.52,139.32,12.944018
1212,2017-03-15,139.29,140.1,138.49,139.72,19.344826
1213,2017-03-16,140.2,140.25,139.73,139.99,13.612942
1214,2017-03-17,140.34,140.34,139.7,139.84,20.592818
1215,2017-03-20,139.71,140.19,139.25,139.94,12.099471
1216,2017-03-21,141.15,142.3082,138.4,138.51,29.894784
1217,2017-03-22,137.93,139.79,137.6,139.59,17.055449
1218,2017-03-23,139.48,140.39,139.09,139.53,13.022801
1219,2017-03-24,140.08,141.0244,139.76,140.34,16.664683
1220,2017-03-27,139.05,140.65,138.77,140.32,12.800544
1221,2017-03-28,140.36,141.95,140.01,141.76,14.679436
1222,2017-03-29,141.99,142.86,141.43,142.65,16.527574
1223,2017-03-30,142.4,142.95,141.85,142.41,12.403997
1224,2017-03-31,142.31,142.63,141.89,142.05,11.478265
1225,2017-04-03,141.93,142.47,140.82,142.28,13.56396
1226,2017-04-04,141.86,142.09,141.27,141.73,12.948599
1227,2017-04-05,142.26,143.44,141.29,141.85,17.158059
1228,2017-04-06,142.11,142.22,140.91,141.17,15.103426
1229,2017-04-07,141.2,141.55,140.24,140.78,11.818341
1230,2017-04-10,141.0,141.43,140.63,141.04,9.039366
1231,2017-04-11,140.8,141.0299,138.81,139.92,16.638087
1232,2017-04-12,139.72,140.4,139.44,139.58,11.612456
1233,2017-04-13,139.62,140.58,139.33,139.39,10.965614
1234,2017-04-17,139.76,141.55,139.75,141.42,11.519663
1235,2017-04-18,141.27,141.905,140.61,140.96,14.800972
1236,2017-04-19,141.35,143.04,141.27,142.27,15.543445
1237,2017-04-20,142.95,144.25,142.689,143.8,15.968164
1238,2017-04-21,143.9,144.17,142.27,143.68,12.382002
1239,2017-04-24,144.96,145.6738,144.34,145.47,14.407175
1240,2017-04-25,145.79,147.15,145.7898,146.49,17.767523
1241,2017-04-26,147.09,147.59,146.09,146.56,12.394959
1242,2017-04-27,146.67,147.75,146.14,147.7,11.275112
1243,2017-04-28,149.5,151.53,149.07,150.25,30.632248
1244,2017-05-01,151.74,152.57,151.42,152.46,25.2183
1245,2017-05-02,153.34,153.44,151.66,152.78,21.87038
1246,2017-05-03,153.6,153.6,151.34,151.8,29.782492
1247,2017-05-04,150.17,151.52,148.72,150.85,36.225452
1248,2017-05-05,151.45,151.63,149.79,150.24,17.148543
1249,2017-05-08,150.71,151.08,149.74,151.06,15.827488
1250,2017-05-09,151.49,152.59,150.21,150.48,17.368459
1251,2017-05-10,150.23,150.52,148.86,150.29,12.08065
1252,2017-05-11,150.31,150.65,149.41,150.04,11.841864
1253,2017-05-12,150.4,150.46,149.63,150.33,9.598229
1254,2017-05-15,150.17,151.48,149.77,150.19,15.064664
1255,2017-05-16,150.11,150.21,149.03,149.78,14.55083
1256,2017-05-17,148.0,148.67,144.4216,144.85,28.30005
1257,2017-05-18,144.72,148.15,144.51,147.66,23.031566
1258,2017-05-19,148.445,149.39,147.96,148.06,16.177842
1259,2017-05-22,148.08,148.59,147.69,148.24,12.586712
1260,2017-05-23,148.52,148.81,147.25,148.07,12.745037
1261,2017-05-24,148.51,150.23,148.42,150.04,17.940668
1262,2017-05-25,150.3,152.59,149.95,151.96,19.891352
1263,2017-05-26,152.23,152.25,151.15,152.13,14.996185
1264,2017-05-30,151.97,152.9,151.64,152.38,13.226007
1265,2017-05-31,152.7,153.35,151.09,151.46,18.023917
1266,2017-06-01,151.75,152.29,150.3,151.53,14.5306
1267,2017-06-02,151.85,153.63,151.3,153.61,16.854365
1268,2017-06-05,153.64,154.7088,153.41,153.63,12.520387
1269,2017-06-06,153.41,154.52,152.48,152.81,13.449869
1270,2017-06-07,153.27,153.75,152.34,153.12,12.066657
1271,2017-06-08,154.08,154.73,153.1,154.71,17.799449
1272,2017-06-09,154.77,155.59,146.61,149.6,35.577676
1273,2017-06-12,148.17,149.195,144.56,148.44,33.12518
1274,2017-06-13,150.15,151.18,148.9,150.68,20.48335
1275,2017-06-14,151.26,152.4,149.05,150.25,20.808759
1276,2017-06-15,147.67,150.0366,146.3747,149.8,18.994152
1277,2017-06-16,149.59,150.83,148.6,150.64,22.882417
1278,2017-06-19,151.71,153.57,151.71,152.87,19.026462
1279,2017-06-20,152.88,153.84,152.21,152.25,14.743853
1280,2017-06-21,152.36,154.08,151.88,153.91,15.039834
1281,2017-06-22,153.01,154.55,152.91,153.4,13.005535
1282,2017-06-23,152.72,155.2,152.65,155.07,18.026977
1283,2017-06-26,156.25,156.5,153.1954,153.59,18.049651
1284,2017-06-27,152.84,153.31,150.39,150.58,19.300766
1285,2017-06-28,150.92,153.47,149.86,153.24,16.719104
1286,2017-06-29,152.28,152.5,148.9175,151.04,23.973482
1287,2017-06-30,151.9,151.92,150.06,150.98,17.666022
1288,2017-07-03,151.72,152.15,147.8,148.43,13.862735
1289,2017-07-05,149.0,150.85,148.13,150.34,14.33429
1290,2017-07-06,149.03,150.04,148.0,148.82,14.951802
1291,2017-07-07,149.25,151.99,149.19,151.44,13.615931
1292,2017-07-10,151.69,153.98,151.51,153.5,13.378672
1293,2017-07-11,153.37,155.4225,152.91,155.27,13.667744
1294,2017-07-12,156.49,159.16,156.2,158.9,22.739388
1295,2017-07-13,158.74,159.78,158.4227,159.26,13.929236
1296,2017-07-14,160.13,160.32,159.3254,159.97,16.371207
1297,2017-07-17,160.25,160.78,158.81,159.73,12.858836
1298,2017-07-18,159.66,163.73,159.42,162.86,23.72291
1299,2017-07-19,163.59,165.7,163.17,164.14,26.273642
1300,2017-07-20,164.8,165.0,162.81,164.53,18.523107
1301,2017-07-21,164.16,165.05,163.75,164.43,14.744002
1302,2017-07-24,164.64,166.17,164.31,166.0,17.346971
1303,2017-07-25,165.01,165.54,163.8619,165.28,15.383241
1304,2017-07-26,166.01,166.01,164.1,165.61,35.236867
1305,2017-07-27,174.7,175.49,167.5,170.44,68.910708
1306,2017-07-28,169.07,173.43,169.05,172.45,24.557553
1307,2017-07-31,172.0,172.72,168.55,169.25,25.478945
1308,2017-08-01,169.82,170.47,169.05,169.86,14.384957
1309,2017-08-02,170.3,170.55,166.91,169.3,17.433774
1310,2017-08-03,169.3,169.7,168.25,168.59,10.793841
1311,2017-08-04,168.97,170.06,168.69,169.62,10.777727
1312,2017-08-07,169.95,172.06,169.66,171.98,12.787844
1313,2017-08-08,171.88,173.05,170.62,171.23,14.393524
1314,2017-08-09,169.98,171.45,169.56,171.18,10.814984
1315,2017-08-10,170.06,170.59,166.85,167.4,20.832746
1316,2017-08-11,167.95,168.82,166.85,168.08,13.791153
1317,2017-08-14,170.09,171.08,169.29,170.75,12.954231
1318,2017-08-15,171.49,171.5,170.01,171.0,8.729172
1319,2017-08-16,171.25,171.38,169.24,170.0,15.779924
1320,2017-08-17,169.34,169.86,166.85,166.91,17.21603
1321,2017-08-18,166.84,168.67,166.21,167.41,15.093638
1322,2017-08-21,167.16,168.0,165.82,167.78,11.907488
1323,2017-08-22,168.28,169.87,167.15,169.64,11.390975
1324,2017-08-23,168.84,169.36,168.2,168.71,9.856473
1325,2017-08-24,168.88,169.29,166.41,167.74,14.03042
1326,2017-08-25,167.86,168.38,166.18,166.32,12.614477
1327,2017-08-28,166.91,167.7,166.33,167.24,8.553741
1328,2017-08-29,165.25,168.425,165.0,168.05,11.070986
1329,2017-08-30,168.17,170.18,167.63,169.92,11.122293
1330,2017-08-31,170.4,172.145,170.06,171.97,17.166465
1331,2017-09-01,172.4,172.915,171.31,172.02,11.677589
1332,2017-09-05,171.27,172.3875,169.55,170.72,13.221127
1333,2017-09-06,170.91,172.48,169.57,172.09,13.906342
1334,2017-09-07,171.94,173.3067,170.27,173.21,18.049527
1335,2017-09-08,173.09,173.49,170.8,170.95,10.960209
1336,2017-09-11,172.4,173.89,172.2,173.51,12.37204
1337,2017-09-12,173.76,174.0,171.75,172.96,11.186328
1338,2017-09-13,173.01,173.17,172.06,173.05,9.119295
1339,2017-09-14,172.26,172.28,170.5,170.96,15.615654
1340,2017-09-15,170.88,172.34,170.26,171.64,15.660539
1341,2017-09-18,171.99,172.07,169.34,170.01,12.954013
1342,2017-09-19,170.62,172.56,170.36,172.52,13.168595
1343,2017-09-20,172.5,173.05,170.7,172.17,12.264125
1344,2017-09-21,171.69,172.27,170.01,171.11,11.161412
1345,2017-09-22,170.21,171.73,169.22,170.54,12.097138
1346,2017-09-25,169.24,169.3,161.56,162.87,41.251583
1347,2017-09-26,164.5,165.5,162.78,164.21,23.363335
1348,2017-09-27,165.9,168.34,165.57,167.68,19.242548
1349,2017-09-28,167.94,169.0696,167.16,168.73,12.178747
1350,2017-09-29,168.83,171.66,168.81,170.87,15.340366
1351,2017-10-02,171.39,171.87,168.75,169.47,13.39228
1352,2017-10-03,169.3,170.73,169.2,169.96,8.166558
1353,2017-10-04,169.83,170.67,168.29,168.42,12.091887
1354,2017-10-05,169.18,171.31,168.6,171.24,14.580628
1355,2017-10-06,170.25,172.37,169.75,172.23,13.124473
1356,2017-10-09,172.7,174.88,172.0,172.5,14.570413
1357,2017-10-10,173.0,173.2,170.8,171.59,11.341081
1358,2017-10-11,171.95,172.78,171.4,172.74,11.178663
1359,2017-10-12,172.61,173.85,172.29,172.55,10.351044
1360,2017-10-13,173.45,174.65,173.2,173.74,13.658307
1361,2017-10-16,174.49,175.0,174.06,174.52,11.498752
1362,2017-10-17,174.71,176.13,174.36,176.11,15.990079
1363,2017-10-18,176.65,176.74,175.75,176.03,12.752351
1364,2017-10-19,174.93,176.03,172.63,174.56,14.03725
1365,2017-10-20,175.5,175.88,174.63,174.98,12.502238
1366,2017-10-23,175.2,175.34,171.25,171.27,13.852658
1367,2017-10-24,172.3,173.24,171.5,171.8,12.267913
1368,2017-10-25,171.9,172.25,168.89,170.6,15.868197
1369,2017-10-26,171.38,172.285,170.39,170.63,11.833141
1370,2017-10-27,174.15,178.21,173.9,177.88,30.285281
1371,2017-10-30,179.26,180.69,177.61,179.87,24.35316
1372,2017-10-31,180.57,180.8,178.94,180.06,20.174231
1373,2017-11-01,182.36,182.9,180.57,182.66,40.918341
1374,2017-11-02,180.63,181.94,177.34,178.92,35.434893
1375,2017-11-03,179.29,179.86,176.71,178.92,17.822131
1376,2017-11-06,178.56,180.45,178.31,180.17,13.254891
1377,2017-11-07,180.5,180.7478,178.96,180.25,12.928182
1378,2017-11-08,179.79,180.35,179.11,179.56,10.494149
1379,2017-11-09,178.31,179.4,177.09,179.3,12.595935
1380,2017-11-10,178.35,179.0999,177.96,178.46,11.070189
1381,2017-11-13,177.5,179.04,177.3,178.77,9.523447
1382,2017-11-14,178.13,178.97,177.18,178.07,9.585868
1383,2017-11-15,176.66,178.57,176.4,177.95,10.253667
1384,2017-11-16,178.76,179.83,178.5,179.59,15.607582
1385,2017-11-17,179.3,179.98,178.9,179.0,13.01798
1386,2017-11-20,178.87,179.5,178.1,178.74,10.052391
1387,2017-11-21,179.15,181.89,178.99,181.86,14.50399
1388,2017-11-22,181.3,181.73,180.44,180.87,10.376329
1389,2017-11-24,180.4,183.15,180.29,182.78,9.426283
1390,2017-11-27,182.56,183.73,181.99,183.03,12.344516
1391,2017-11-28,183.51,184.25,182.09,182.42,14.379674
1392,2017-11-29,181.89,181.97,174.0,175.13,41.933484
1393,2017-11-30,176.85,178.275,175.2,177.18,25.307601
1394,2017-12-01,176.03,177.48,172.34,175.1,20.182523
1395,2017-12-04,176.29,176.57,170.79,171.47,24.459422
1396,2017-12-05,170.45,175.38,169.01,172.83,20.184908
1397,2017-12-06,172.5,176.77,171.9,176.06,20.255846
1398,2017-12-07,175.8,180.39,175.8,180.14,20.404533
1399,2017-12-08,181.53,182.28,178.7401,179.0,19.883764
1400,2017-12-11,179.3,180.22,178.8,179.04,13.168575
1401,2017-12-12,178.6,179.18,176.6,176.96,16.854098
1402,2017-12-13,177.3,179.16,177.25,178.3,14.615718
1403,2017-12-14,178.29,180.3601,177.68,178.39,13.590999
1404,2017-12-15,179.02,180.4934,178.36,180.18,28.463101
1405,2017-12-18,181.01,181.3,179.75,180.82,15.765376
1406,2017-12-19,179.95,180.08,178.22,179.51,14.920582
1407,2017-12-20,179.81,179.81,177.36,177.89,11.860497
1408,2017-12-21,177.94,178.68,177.05,177.45,11.6007
1409,2017-12-22,177.14,177.53,176.23,177.2,8.485451
1410,2017-12-26,176.63,177.0,174.67,175.99,8.897286
1411,2017-12-27,176.55,178.44,176.26,177.62,9.496071
1412,2017-12-28,177.95,178.9367,177.68,177.92,12.22076
1413,2017-12-29,178.0,178.85,176.46,176.46,10.261456
1414,2018-01-02,177.68,181.58,177.55,181.42,18.151903
1415,2018-01-03,181.88,184.78,181.33,184.67,16.886563
1416,2018-01-04,184.9,186.21,184.0996,184.33,13.880896
1417,2018-01-05,185.59,186.9,184.93,186.85,13.574535
1418,2018-01-08,187.2,188.9,186.33,188.28,17.984726
1419,2018-01-09,188.7,188.8,187.1,187.87,12.393057
1420,2018-01-10,186.94,187.89,185.63,187.84,10.529894
1421,2018-01-11,188.4,188.4,187.38,187.77,9.588587
1422,2018-01-12,178.06,181.48,177.4,179.37,77.551299
1423,2018-01-16,181.5,181.75,178.04,178.39,36.183842
1424,2018-01-17,179.26,179.32,175.8,177.6,27.992376
1425,2018-01-18,178.13,180.98,177.08,179.8,23.304901
1426,2018-01-19,180.85,182.37,180.1702,181.29,26.82654
1427,2018-01-22,180.8,185.39,180.41,185.37,21.059364
1428,2018-01-23,186.05,189.55,185.55,189.35,25.678781
1429,2018-01-24,189.89,190.66,186.52,186.55,24.334548
1430,2018-01-25,187.95,188.62,186.6,187.48,17.37774
1431,2018-01-26,187.75,190.0,186.81,190.0,17.759212
1432,2018-01-29,188.75,188.84,185.6301,185.98,20.453172
1433,2018-01-30,183.01,188.18,181.84,187.12,20.858556
1434,2018-01-31,188.37,189.83,185.22,186.89,43.275144
1435,2018-02-01,188.22,195.32,187.89,193.09,54.211293
1436,2018-02-02,192.04,194.21,189.98,190.28,26.677484
1437,2018-02-05,186.93,190.61,180.61,181.26,33.052206
1438,2018-02-06,178.57,185.77,177.74,185.31,37.758505
1439,2018-02-07,184.15,185.0817,179.95,180.18,27.601886
1440,2018-02-08,181.01,181.84,171.4815,171.58,38.463771
1441,2018-02-09,174.76,176.9,167.18,176.11,39.887626
1442,2018-02-12,177.06,177.545,171.84,176.41,32.092133
1443,2018-02-13,175.62,175.97,173.1,173.15,21.80935
1444,2018-02-14,173.45,179.81,173.2119,179.52,28.929704
1445,2018-02-15,180.5,180.5,176.84,179.96,20.92212
1446,2018-02-16,178.99,179.88,176.3,177.36,21.01561
1447,2018-02-20,175.77,177.95,175.11,176.01,21.204921
1448,2018-02-21,176.71,181.27,176.4,177.91,23.200804
1449,2018-02-22,178.7,180.21,177.41,178.99,18.464192
1450,2018-02-23,179.9,183.39,179.51,183.29,19.007288
1451,2018-02-26,184.58,185.66,183.2228,184.93,17.599703
1452,2018-02-27,184.45,184.7,181.46,181.46,15.849806
1453,2018-02-28,182.3,182.88,178.14,178.32,18.783039
1454,2018-03-01,179.01,180.12,174.41,175.94,23.201626
1455,2018-03-02,173.29,177.11,172.99,176.62,20.025905
1456,2018-03-05,176.2,181.1475,175.89,180.4,16.18928
1457,2018-03-06,181.78,182.38,179.11,179.78,15.086784
1458,2018-03-07,178.74,183.82,178.07,183.71,19.097293
1459,2018-03-08,183.56,184.4,181.45,182.34,17.225946
1460,2018-03-09,183.91,185.51,183.21,185.23,18.526292
1461,2018-03-12,185.23,186.1,184.22,184.76,15.273029
1462,2018-03-13,185.61,185.99,181.11,181.88,18.067477
1463,2018-03-14,182.6,184.25,181.85,184.19,16.821728
1464,2018-03-15,183.24,184.0,182.19,183.86,15.645035
1465,2018-03-16,184.49,185.33,183.41,185.09,24.403438
1466,2018-03-19,177.01,177.17,170.06,172.56,88.12536
1467,2018-03-20,167.47,170.2,161.95,168.15,129.804968
1468,2018-03-21,164.8,173.4,163.3,169.39,106.598834
1469,2018-03-22,166.13,170.27,163.72,164.89,73.742979
1470,2018-03-23,165.44,167.1,159.02,159.39,53.609706
1471,2018-03-26,160.82,161.1,149.02,160.06,126.116634
1472,2018-03-27,156.31,162.85,150.75,152.22,79.116995
1473,2018-03-28,151.65,155.88,150.8,153.03,60.02917
1474,2018-03-29,155.15,161.42,154.14,159.79,59.418543
1475,2018-04-02,157.81,159.2,154.111,155.39,36.795991
1476,2018-04-03,156.55,157.39,150.81,156.11,42.543865
1477,2018-04-04,152.025,155.56,150.51,155.1,49.885584
1478,2018-04-05,161.56,161.575,156.65,159.34,41.449609
1479,2018-04-06,157.73,161.42,156.81,157.2,41.644812
1480,2018-04-09,157.82,160.53,156.04,157.93,34.915227
1481,2018-04-10,157.93,165.98,157.01,165.04,58.947041
1482,2018-04-11,165.36,168.65,163.25,166.32,56.144633
1483,2018-04-12,166.98,167.45,163.1,163.87,38.262956
1484,2018-04-13,164.58,165.7036,163.77,164.52,19.983361
1485,2018-04-16,165.7249,165.78,163.39,164.83,18.119435
1486,2018-04-17,165.83,169.0,165.66,168.66,22.743029
1487,2018-04-18,166.88,168.12,165.77,166.36,20.969568
1488,2018-04-19,166.2,168.33,165.2,168.1,22.234961
1489,2018-04-20,167.79,168.43,165.81,166.28,19.119438
1490,2018-04-23,167.27,168.45,165.09,165.84,23.088102
1491,2018-04-24,165.43,166.1,158.19,159.69,35.079926
1492,2018-04-25,160.1448,161.06,156.19,159.69,41.083581
1493,2018-04-26,173.22,176.27,170.8,174.16,77.556934
1494,2018-04-27,176.81,177.1,172.6,173.59,29.804657
1495,2018-04-30,173.79,175.72,171.71,172.0,20.750478
1496,2018-05-01,172.0,174.02,170.23,173.86,26.025932
1497,2018-05-02,174.246,178.08,174.2,176.07,30.42445
1498,2018-05-03,175.13,176.12,172.12,174.02,24.026071
1499,2018-05-04,173.08,176.98,173.06,176.61,17.677844
1500,2018-05-07,177.35,179.5,177.17,177.97,18.697195
1501,2018-05-08,178.25,179.04,177.11,178.92,15.577211
1502,2018-05-09,179.67,183.01,178.7807,182.66,23.282811
1503,2018-05-10,183.15,186.1292,182.5,185.53,21.071403
1504,2018-05-11,184.85,188.32,184.18,186.99,21.207848
1505,2018-05-14,187.71,187.86,186.2,186.64,15.646744
1506,2018-05-15,184.88,185.29,183.2,184.32,15.421683
1507,2018-05-16,183.6952,184.32,182.66,183.2,16.975495
1508,2018-05-17,182.68,184.06,182.22,183.76,14.840675
1509,2018-05-18,183.49,184.19,182.61,182.68,13.130451
1510,2018-05-21,183.77,185.3,183.13,184.49,13.532864
1511,2018-05-22,184.93,185.42,183.43,183.8,12.731419
1512,2018-05-23,182.5,186.91,182.18,186.9,16.6281
1513,2018-05-24,185.88,186.8,185.03,185.93,12.354742
1514,2018-05-25,186.02,186.33,184.45,184.92,10.956661
1515,2018-05-29,184.34,186.81,183.71,185.74,16.398937
1516,2018-05-30,186.54,188.0,185.25,187.67,13.736866
1517,2018-05-31,187.87,192.72,187.48,191.78,30.782631
1518,2018-06-01,193.065,194.5492,192.07,193.99,17.307245
1519,2018-06-04,191.84,193.98,191.47,193.28,18.939795
1520,2018-06-05,194.3,195.0,192.62,192.94,15.544294
1521,2018-06-06,191.0252,192.53,189.11,191.34,22.55892
1522,2018-06-07,190.75,190.97,186.77,188.18,21.503171
1523,2018-06-08,187.53,189.4754,186.43,189.1,12.677092
1524,2018-06-11,188.81,192.6,188.8,191.54,12.922507
1525,2018-06-12,192.17,193.28,191.56,192.4,11.562704
1526,2018-06-13,192.74,194.5,191.91,192.41,15.853821
1527,2018-06-14,193.1,197.28,192.91,196.81,19.120866
1528,2018-06-15,195.79,197.07,194.64,195.85,21.860931
1529,2018-06-18,194.8,199.58,194.13,198.31,16.826023
1530,2018-06-19,196.2352,197.96,193.79,197.49,19.993996
1531,2018-06-20,199.1,203.55,198.805,202.0,28.230933
1532,2018-06-21,202.76,203.39,200.09,201.5,19.045717
1533,2018-06-22,201.16,202.24,199.31,201.74,17.420188
1534,2018-06-25,200.0,200.0,193.11,196.35,25.275137
1535,2018-06-26,197.6,199.1,196.23,199.0,17.897576
1536,2018-06-27,199.18,200.75,195.8,195.84,18.734408
1537,2018-06-28,195.18,197.34,193.26,196.23,18.172439
1538,2018-06-29,197.32,197.5997,193.955,194.32,15.811602
1539,2018-07-02,193.37,197.45,192.22,197.36,13.961578
1540,2018-07-03,194.55,195.4,192.52,192.73,13.489514
1541,2018-07-05,194.74,198.65,194.03,198.45,19.684193
1542,2018-07-06,198.45,203.64,197.7,203.23,19.740131
1543,2018-07-09,204.93,205.8,202.1201,204.74,18.149437
1544,2018-07-10,204.5,204.91,202.26,203.54,13.190067
1545,2018-07-11,202.22,204.5,201.75,202.54,12.927377
1546,2018-07-12,203.43,207.08,203.19,206.92,15.454706
1547,2018-07-13,207.81,208.43,206.45,207.32,11.503401
1548,2018-07-16,207.5,208.72,206.84,207.23,11.078209
1549,2018-07-17,204.9,210.46,204.84,209.99,15.349892
1550,2018-07-18,209.82,210.99,208.44,209.36,15.334907
1551,2018-07-19,208.77,209.99,207.76,208.09,11.350429
1552,2018-07-20,208.85,211.5,208.5,209.94,16.241508
1553,2018-07-23,210.58,211.62,208.8,210.91,16.720069
1554,2018-07-24,215.11,216.2,212.6,214.67,28.468681
1555,2018-07-25,215.715,218.62,214.27,217.5,64.592585
1556,2018-07-26,174.89,180.13,173.75,176.26,169.503668
1557,2018-07-27,179.87,179.93,173.0,174.89,60.068349
1558,2018-07-30,175.3,175.3,166.56,171.06,65.243387
1559,2018-07-31,170.67,174.24,170.0,172.58,40.356471
1560,2018-08-01,173.93,175.08,170.9,171.65,34.042022
1561,2018-08-02,170.68,176.79,170.27,176.37,32.399954
1562,2018-08-03,177.69,178.85,176.15,177.78,24.763434
1563,2018-08-06,178.97,185.79,178.38,185.69,49.716192
1564,2018-08-07,186.5,188.3,183.72,183.81,33.398562
1565,2018-08-08,184.75,186.85,183.76,185.18,22.20523
1566,2018-08-09,185.8492,186.57,182.48,183.09,19.73212
1567,2018-08-10,182.04,182.1,179.42,180.26,21.50041
1568,2018-08-13,180.1,182.61,178.9,180.05,17.423264
1569,2018-08-14,180.71,181.99,178.62,181.11,19.101995
1570,2018-08-15,179.34,180.87,174.78,179.53,33.020231
1571,2018-08-16,180.42,180.5,174.01,174.7,31.251784
1572,2018-08-17,174.5,176.22,172.04,173.8,24.893176
1573,2018-08-20,174.04,174.57,170.91,172.5,21.518006
1574,2018-08-21,172.81,174.17,171.39,172.62,19.578514
1575,2018-08-22,172.21,174.24,172.13,173.64,16.822583
1576,2018-08-23,173.09,175.55,172.83,172.9,18.053567
1577,2018-08-24,173.7,174.82,172.92,174.645,14.631556
1578,2018-08-27,175.99,178.67,175.79,177.46,17.921935
1579,2018-08-28,178.1,178.2399,175.83,176.26,15.910675
1580,2018-08-29,176.295,176.79,174.75,175.9,18.667201
1581,2018-08-30,175.9,179.7901,175.7,177.64,24.216532
1582,2018-08-31,177.15,177.62,174.9815,175.73,18.065159
1583,2018-09-04,173.5,173.89,168.8,171.16,29.808971
1584,2018-09-05,169.49,171.125,166.67,167.18,31.203944
1585,2018-09-06,166.98,166.98,160.0,162.53,41.509084
1586,2018-09-07,160.31,164.6269,160.16,163.04,24.3006
1587,2018-09-10,163.51,165.01,162.16,164.18,20.19768
1588,2018-09-11,163.94,167.19,163.72,165.94,20.457088
1589,2018-09-12,163.25,164.49,161.8,162.0,24.078118
1590,2018-09-13,162.0,163.32,160.86,161.36,25.453775
1591,2018-09-14,161.715,162.84,160.34,162.32,21.770405
1592,2018-09-17,161.92,162.06,159.77,160.58,21.005321
1593,2018-09-18,159.39,161.7639,158.8656,160.3,22.465236
1594,2018-09-19,160.08,163.44,159.48,163.06,19.628996
1595,2018-09-20,164.5,166.45,164.4722,166.02,18.936038
1596,2018-09-21,166.64,167.25,162.81,162.93,45.9948
1597,2018-09-24,161.03,165.7,160.88,165.41,19.213475
1598,2018-09-25,161.99,165.59,161.15,164.91,27.622806
1599,2018-09-26,164.3,169.3,164.21,166.95,25.252231
1600,2018-09-27,167.55,171.77,167.21,168.84,27.152456
1601,2018-09-28,168.33,168.79,162.56,164.46,34.215638
1602,2018-10-01,163.03,165.88,161.26,162.44,26.407677
1603,2018-10-02,161.58,162.28,158.67,159.33,36.025977
1604,2018-10-03,160.0,163.66,159.53,162.43,23.109456
1605,2018-10-04,161.46,161.46,157.35,158.85,25.23962
1606,2018-10-05,159.21,160.9,156.2,157.33,25.744047
1607,2018-10-08,155.54,158.34,154.39,157.25,24.045968
1608,2018-10-09,157.69,160.59,157.42,157.9,18.844425
1609,2018-10-10,156.82,157.69,151.31,151.38,30.60997
1610,2018-10-11,150.13,154.81,149.16,153.35,35.338901
1611,2018-10-12,156.73,156.89,151.2998,153.74,25.293492
1612,2018-10-15,153.32,155.57,152.55,153.52,15.433521
1613,2018-10-16,155.4,159.46,155.01,158.78,19.180095
1614,2018-10-17,159.56,160.49,157.95,159.42,17.592003
1615,2018-10-18,158.51,158.66,153.28,154.92,21.675084
1616,2018-10-19,155.86,157.35,153.55,154.05,19.761347
1617,2018-10-22,154.76,157.34,154.46,154.78,15.424658
1618,2018-10-23,151.22,154.77,150.85,154.39,19.095032
1619,2018-10-24,154.28,154.65,145.6,146.04,27.744597
1620,2018-10-25,147.73,152.21,147.0,150.95,22.081896
1621,2018-10-26,145.82,149.0,143.8,145.37,31.303341
1622,2018-10-29,148.5,148.83,139.03,142.09,31.336784
1623,2018-10-30,139.935,146.64,139.7419,146.22,50.494278
1624,2018-10-31,155.0,156.4,148.96,151.79,60.101251
1625,2018-11-01,151.52,152.75,149.35,151.75,25.640786
1626,2018-11-02,151.8,154.13,148.96,150.35,24.691195
1627,2018-11-05,150.1,150.19,147.44,148.68,15.969849
1628,2018-11-06,149.31,150.97,148.0,149.94,16.667124
1629,2018-11-07,151.57,153.01,149.83,151.53,21.877372
1630,2018-11-08,150.49,150.94,146.74,147.87,24.145814
1631,2018-11-09,146.75,147.76,144.07,144.96,17.326898
1632,2018-11-12,144.48,145.04,140.4899,141.55,18.540543
1633,2018-11-13,142.0,144.88,141.62,142.16,15.14171
1634,2018-11-14,143.7,145.58,141.55,144.22,22.068384
1635,2018-11-15,142.33,144.84,140.83,143.85,30.32028
1636,2018-11-16,141.07,141.77,137.77,139.53,36.68056
1637,2018-11-19,137.61,137.75,131.21,131.55,44.362679
1638,2018-11-20,127.03,134.1592,126.85,132.43,41.939475
1639,2018-11-21,134.4,137.19,134.13,134.82,25.469735
1640,2018-11-23,133.65,134.5,131.2551,131.73,11.886128
1641,2018-11-26,133.0,137.0,132.78,136.38,24.26364
1642,2018-11-27,135.75,136.6126,133.71,135.0,20.750318
1643,2018-11-28,136.28,136.7899,131.85,136.76,29.847505
1644,2018-11-29,135.92,139.99,135.66,138.68,24.238713
1645,2018-11-30,138.26,140.966,137.36,140.61,25.732577
1646,2018-12-03,143.0,143.6799,140.76,141.09,24.819226
1647,2018-12-04,140.73,143.39,137.16,137.93,30.3074
1648,2018-12-06,133.82,139.7,133.67,139.63,28.218145
1649,2018-12-07,139.25,140.87,136.6566,137.42,21.19546
1650,2018-12-10,139.6,143.05,139.01,141.85,26.422173
1651,2018-12-11,143.88,143.88,141.1,142.08,20.300349
1652,2018-12-12,143.08,147.19,142.51,144.5,23.696936
1653,2018-12-13,145.57,145.85,143.19,145.01,18.14861
1654,2018-12-14,143.34,146.01,142.51,144.06,21.78582
1655,2018-12-17,143.08,144.92,138.42,140.19,24.333959
1656,2018-12-18,141.08,145.93,139.8301,143.66,24.709084
1657,2018-12-19,141.21,144.91,132.5,133.24,57.404894
1658,2018-12-20,130.7,135.57,130.0,133.4,40.287865
1659,2018-12-21,133.39,134.9,123.42,124.95,56.901491
1660,2018-12-24,123.1,129.74,123.02,124.06,22.066002
1661,2018-12-26,126.0,134.24,125.89,134.18,39.72337
1662,2018-12-27,132.44,134.99,129.67,134.52,31.202509
1663,2018-12-28,135.34,135.92,132.2,133.2,22.627569
1664,2018-12-31,134.45,134.64,129.95,131.09,24.625308
1665,2019-01-02,128.99,137.51,128.56,135.68,28.146193
1666,2019-01-03,134.69,137.17,131.12,131.74,22.717948
1667,2019-01-04,134.01,138.0,133.75,137.95,28.980059
1668,2019-01-07,137.56,138.87,135.91,138.05,20.089337
1669,2019-01-08,139.89,143.14,139.54,142.53,26.252793
1670,2019-01-09,142.95,144.7,141.27,144.23,22.205879
1671,2019-01-10,143.08,144.56,140.84,144.2,16.030504
1672,2019-01-11,143.15,145.36,142.57,143.8,12.908031
1673,2019-01-14,142.0,146.57,141.27,145.39,20.520278
1674,2019-01-15,146.01,150.68,145.99,148.95,24.068822
1675,2019-01-16,149.0,149.6499,146.9975,147.54,18.025714
1676,2019-01-17,146.95,149.0,146.5,148.3,15.787914
1677,2019-01-18,149.75,152.43,148.55,150.04,30.907612
1678,2019-01-22,149.2,151.53,146.37,147.57,22.298694
1679,2019-01-23,148.28,148.8,143.055,144.3,20.098415
1680,2019-01-24,144.64,146.44,142.52,145.83,20.955518
1681,2019-01-25,147.48,149.83,146.54,149.01,22.250954
1682,2019-01-28,148.05,148.96,146.21,147.47,15.508483
1683,2019-01-29,148.09,148.1,143.43,144.19,17.631953
1684,2019-01-30,146.22,150.95,145.6953,150.42,44.61324
1685,2019-01-31,165.6,171.68,165.0,166.69,77.233602
1686,2019-02-01,165.84,169.1,165.66,165.71,30.806513
1687,2019-02-04,165.7,169.3,163.62,169.25,20.03647
1688,2019-02-05,169.15,171.98,168.69,171.16,22.556985
1689,2019-02-06,171.2,172.47,169.27,170.49,13.281161
1690,2019-02-07,168.2,169.24,165.25,166.38,17.517609
1691,2019-02-08,164.47,167.37,164.21,167.33,12.556422
1692,2019-02-11,167.9,168.3,165.08,165.79,12.811176
1693,2019-02-12,166.86,168.34,164.5,165.04,16.29229
1694,2019-02-13,165.38,166.22,163.73,164.07,14.205146
1695,2019-02-14,163.19,164.8697,162.2468,163.95,12.755151
1696,2019-02-15,164.51,164.7,160.86,162.5,15.504415
1697,2019-02-19,160.5,164.15,160.33,162.29,14.33689
1698,2019-02-20,162.25,163.72,161.25,162.56,11.770692
1699,2019-02-21,161.93,162.24,159.59,160.04,15.607828
1700,2019-02-22,160.58,162.41,160.31,161.89,15.858468
1701,2019-02-25,163.07,166.07,162.9,164.62,18.737106
1702,2019-02-26,164.335,166.24,163.8,164.13,13.784063
1703,2019-02-27,162.9,163.93,160.41,162.81,12.697485
1704,2019-02-28,162.37,163.5,160.86,161.45,11.114185
1705,2019-03-01,162.6,163.132,161.69,162.28,11.09777
1706,2019-03-04,163.9,167.5,163.83,167.37,18.894689
1707,2019-03-05,167.37,171.88,166.55,171.26,28.18789
1708,2019-03-06,172.9,173.57,171.27,172.51,21.531723
1709,2019-03-07,171.5,171.74,167.61,169.13,18.306504
1710,2019-03-08,166.2,169.62,165.97,169.6,13.184831
1711,2019-03-11,171.6,174.3,171.58,172.07,18.883983
1712,2019-03-12,172.09,173.8,171.2178,171.92,12.155264
1713,2019-03-13,172.32,174.03,172.12,173.37,11.97328
1714,2019-03-14,169.76,171.15,168.16,170.17,18.037364
1715,2019-03-15,167.16,167.58,162.51,165.98,36.7942
1716,2019-03-18,163.57,163.9,159.28,160.47,37.524191
1717,2019-03-19,161.48,163.82,160.82,161.57,25.611488
1718,2019-03-20,161.5,166.12,161.24,165.44,20.211474
1719,2019-03-21,164.89,166.39,163.75,166.08,16.223007
1720,2019-03-22,165.65,167.42,164.09,164.34,16.389185
1721,2019-03-25,163.0,166.54,162.0,166.29,12.63123
1722,2019-03-26,167.35,169.45,166.3499,167.68,15.43792
1723,2019-03-27,167.85,168.94,164.79,165.87,10.620299
1724,2019-03-28,164.57,166.72,163.33,165.55,10.689171
1725,2019-03-29,166.39,167.19,164.81,166.69,13.455454
1726,2019-04-01,167.83,168.9,167.2789,168.7,10.38149
1727,2019-04-02,170.14,174.9,169.55,174.2,23.846529
1728,2019-04-03,174.5,177.96,172.95,173.54,27.590058
1729,2019-04-04,176.02,178.0,175.5301,176.02,17.780675
1730,2019-04-05,176.88,177.0,175.1,175.72,9.594133
1731,2019-04-08,175.21,175.5,174.23,174.93,7.297343
1732,2019-04-09,175.62,179.19,175.55,177.58,19.751031
1733,2019-04-10,178.18,178.79,176.54,177.82,11.701479
1734,2019-04-11,178.24,178.4,177.0,177.51,8.070967
1735,2019-04-12,178.0,179.63,177.95,179.1,12.329812
1736,2019-04-15,178.5,180.5,176.87,179.65,10.834762
1737,2019-04-16,179.0,180.17,178.3,178.87,11.215193
1738,2019-04-17,179.6,180.74,178.36,178.78,9.973732
1739,2019-04-18,178.8,178.88,177.34,178.28,11.655608
1740,2019-04-22,178.25,181.665,178.25,181.44,13.389889
1741,2019-04-23,182.74,184.22,181.48,183.78,19.954814
1742,2019-04-24,184.49,185.14,181.65,182.58,37.289871
1743,2019-04-25,196.98,198.48,192.12,193.26,54.148789
1744,2019-04-26,192.5,192.9,189.09,191.49,22.0473
1745,2019-04-29,190.95,195.41,190.65,194.78,19.64131
1746,2019-04-30,194.19,197.39,192.28,193.4,23.494689
1747,2019-05-01,194.78,196.1769,193.01,193.03,15.996646
1748,2019-05-02,193.0,194.0,189.75,192.53,13.209452
1749,2019-05-03,194.38,196.16,193.71,195.47,14.575434
1750,2019-05-06,191.24,194.28,190.55,193.88,13.994932
1751,2019-05-07,192.54,192.9,187.85,189.77,16.253001
1752,2019-05-08,189.39,190.72,188.55,189.54,12.505737
1753,2019-05-09,187.2,189.77,186.26,188.65,12.957533
1754,2019-05-10,188.25,190.0,184.59,188.34,12.578508
1755,2019-05-13,183.5,185.43,180.84,181.54,16.833347
1756,2019-05-14,182.52,183.49,178.1,180.73,17.628142
1757,2019-05-15,180.42,187.28,180.02,186.27,16.746904
1758,2019-05-16,185.05,188.575,185.05,186.99,12.953111
1759,2019-05-17,184.84,187.58,184.28,185.3,10.48537
1760,2019-05-20,181.88,184.23,181.37,182.72,10.351981
1761,2019-05-21,184.57,185.7,183.885,184.82,7.50282
1762,2019-05-22,184.73,186.74,183.61,185.32,9.213801
1763,2019-05-23,182.42,183.9,179.67,180.87,12.768835
1764,2019-05-24,182.33,183.63,180.83,181.06,8.807701
1765,2019-05-28,181.54,184.7119,181.4537,184.31,14.843308
1766,2019-05-29,183.5,184.56,181.35,182.19,12.797685
1767,2019-05-30,183.08,183.48,180.89,183.01,8.581544
1768,2019-05-31,180.28,180.54,177.16,177.47,15.214536
1769,2019-06-03,175.0,175.05,161.01,164.15,56.021209
1770,2019-06-04,163.71,168.28,160.84,167.5,46.044256
1771,2019-06-05,167.48,168.72,164.63,168.17,19.758317
1772,2019-06-06,168.3,169.7,167.23,168.33,12.446354
1773,2019-06-07,170.17,173.87,168.84,173.35,16.767343
1774,2019-06-10,174.75,177.86,173.8,174.82,14.743918
1775,2019-06-11,178.48,179.98,176.79,178.1,15.266644
1776,2019-06-12,178.38,179.27,172.88,175.04,17.699806
1777,2019-06-13,175.53,178.03,174.606,177.47,12.253569
1778,2019-06-14,180.51,181.8398,180.0,181.33,16.583291
1779,2019-06-17,185.01,189.5,184.4105,189.01,29.396381
1780,2019-06-18,194.0,194.53,187.28,188.47,37.571352
1781,2019-06-19,187.0,188.1,184.55,187.48,21.417092
1782,2019-06-20,190.95,191.16,187.64,189.53,14.63574
1783,2019-06-21,188.75,192.0,188.75,191.14,22.748309
1784,2019-06-24,192.42,193.98,191.57,192.6,15.508955
1785,2019-06-25,192.88,193.14,188.13,188.84,16.750309
1786,2019-06-26,189.54,190.76,187.31,187.66,12.808604
1787,2019-06-27,189.88,189.95,188.27,189.5,11.158983
1788,2019-06-28,190.55,193.2,189.94,193.0,16.378878
1789,2019-07-01,195.21,195.28,191.93,193.0,14.20469
1790,2019-07-02,193.0,195.0,192.71,195.0,9.049979
1791,2019-07-03,194.16,197.4,194.16,197.2,10.246119
1792,2019-07-05,196.18,197.07,194.17,196.4,11.164107
1793,2019-07-08,195.19,196.68,193.64,195.76,9.723858
1794,2019-07-09,194.97,199.46,194.89,199.21,14.698611
1795,2019-07-10,200.0,202.96,199.67,202.73,20.571702
1796,2019-07-11,203.26,203.8,200.21,201.23,13.678457
1797,2019-07-12,199.68,205.3,199.16,204.87,15.366272
1798,2019-07-15,204.25,205.33,201.82,203.91,16.030335
1799,2019-07-16,203.89,205.4707,203.1,203.84,11.43272
1800,2019-07-17,204.18,204.36,201.59,201.8,12.083714
1801,2019-07-18,200.15,202.47,199.38,200.78,11.956554
1802,2019-07-19,202.18,202.33,198.07,198.36,12.098262
1803,2019-07-22,199.91,202.57,198.81,202.32,13.589024
1804,2019-07-23,202.84,204.242,200.9625,202.36,14.58368
1805,2019-07-24,197.63,204.81,197.22,204.66,32.53254
1806,2019-07-25,206.7,208.66,198.26,200.71,39.889869
1807,2019-07-26,200.19,202.88,196.25,199.75,24.433985
1808,2019-07-29,199.0,199.63,195.3,195.94,16.530801
1809,2019-07-30,195.39,198.71,193.5,197.04,11.903558
1810,2019-07-31,196.95,198.76,192.68,194.23,14.593544
1811,2019-08-01,194.17,198.47,190.88,192.73,17.777013
1812,2019-08-02,191.1,192.62,188.07,189.02,15.296975
1813,2019-08-05,184.69,185.67,179.34,181.73,23.086655
1814,2019-08-06,183.69,185.789,183.09,184.51,18.035686
1815,2019-08-07,183.6,186.37,181.22,185.15,15.833197
1816,2019-08-08,186.62,190.34,184.05,190.16,14.828916
1817,2019-08-09,190.0,190.98,187.12,187.85,11.058811
1818,2019-08-12,186.85,187.59,184.46,185.37,10.923383
1819,2019-08-13,185.52,191.38,185.37,188.45,13.653319
1820,2019-08-14,185.8,185.99,179.31,179.71,18.903716
1821,2019-08-15,180.95,183.2,180.03,182.59,13.05964
1822,2019-08-16,183.75,185.1,182.36,183.7,12.844832
1823,2019-08-19,186.01,187.5,184.85,186.17,9.699661
1824,2019-08-20,185.45,186.0,182.39,183.81,10.087592
1825,2019-08-21,185.0,185.9,183.14,183.55,8.409494
1826,2019-08-22,183.43,184.11,179.91,182.04,10.829509
1827,2019-08-23,180.84,183.13,176.66,177.75,17.331221
1828,2019-08-26,179.4,180.5,178.24,180.36,8.780477
1829,2019-08-27,181.93,184.04,181.01,181.3,14.408946
1830,2019-08-28,180.53,181.95,178.92,181.76,9.39206
1831,2019-08-29,183.77,186.0752,183.47,185.57,10.135033
1832,2019-08-30,186.78,186.8017,183.4585,185.67,10.785722
1833,2019-09-03,184.0,185.67,182.11,182.39,9.792187
1834,2019-09-04,184.65,187.7494,183.89,187.14,11.307571
1835,2019-09-05,188.53,191.36,187.94,190.9,13.896621
1836,2019-09-06,190.21,190.21,186.35,187.49,15.22682
1837,2019-09-09,187.73,188.98,185.8466,188.76,14.722402
1838,2019-09-10,187.44,188.1,184.55,186.17,15.455867
1839,2019-09-11,186.46,189.44,186.08,188.49,11.76166
1840,2019-09-12,189.86,190.93,187.23,187.47,11.419775
1841,2019-09-13,187.325,187.97,186.54,187.19,11.441116
1842,2019-09-16,186.93,187.7943,185.765,186.22,8.444844
1843,2019-09-17,186.66,188.32,185.54,188.08,9.75157
1844,2019-09-18,188.09,189.08,186.012,188.14,9.945798
1845,2019-09-19,188.66,191.1,188.15,190.14,10.455885
1846,2019-09-20,190.66,193.1,188.12,189.93,20.359878
1847,2019-09-23,189.34,190.1,185.2062,186.82,14.370089
1848,2019-09-24,187.98,188.04,180.39,181.28,18.775666
1849,2019-09-25,181.45,183.42,177.87,182.8,18.33996
1850,2019-09-26,181.33,181.4,177.67,180.11,16.280691
1851,2019-09-27,180.49,180.755,175.66,177.1,14.654425
1852,2019-09-30,177.87,178.67,176.85,178.08,11.071425
1853,2019-10-01,179.15,179.84,174.88,175.81,17.261556
1854,2019-10-02,174.84,176.53,173.09,174.6,16.374148
1855,2019-10-03,175.57,179.84,173.63,179.38,16.789319
1856,2019-10-04,179.55,180.98,178.1,180.45,10.476395
1857,2019-10-07,180.0,181.18,178.09,179.68,9.359793
1858,2019-10-08,178.26,180.37,177.72,177.75,10.084896
1859,2019-10-09,179.16,180.72,177.94,179.85,7.648874
1860,2019-10-10,180.32,181.61,179.17,180.03,8.980978
1861,2019-10-11,182.15,186.49,182.14,184.19,14.998754
1862,2019-10-14,184.2,184.62,182.5735,183.28,7.203665
1863,2019-10-15,183.8,190.38,183.66,188.89,15.143119
1864,2019-10-16,188.32,189.7,186.9002,189.55,10.560343
1865,2019-10-17,190.3,190.84,188.765,190.39,9.761548
1866,2019-10-18,190.23,191.49,183.9239,185.85,16.882862
1867,2019-10-21,187.04,189.91,186.75,189.76,8.580744
1868,2019-10-22,190.0,190.65,181.5,182.34,19.854192
1869,2019-10-23,182.01,186.38,182.0,186.15,12.370819
1870,2019-10-24,184.62,186.73,182.8,186.38,11.505406
1871,2019-10-25,185.83,189.0,185.0876,187.89,8.06124
1872,2019-10-28,187.2,189.53,185.08,189.4,13.656732
1873,2019-10-29,191.69,192.53,188.47,189.31,13.574874
1874,2019-10-30,189.56,190.45,185.98,188.25,28.734559
1875,2019-10-31,196.7,198.09,191.05,191.65,42.286529
1876,2019-11-01,192.85,194.11,189.91,193.62,21.711829
1877,2019-11-04,194.55,197.3672,193.8119,194.72,16.371292
1878,2019-11-05,195.37,195.75,193.6,194.32,9.941954
1879,2019-11-06,194.03,194.37,191.35,191.55,10.973019
1880,2019-11-07,191.91,193.44,189.47,190.42,13.472998
1881,2019-11-08,190.0,192.34,189.7,190.84,10.756283
1882,2019-11-11,189.93,190.08,188.54,189.61,8.628168
1883,2019-11-12,190.0,195.06,189.74,194.47,17.415454
1884,2019-11-13,194.7,195.7,192.74,193.19,11.0098
1885,2019-11-14,192.93,194.03,191.45,193.15,9.059897
1886,2019-11-15,194.26,195.3,193.38,195.1,11.530232
1887,2019-11-18,194.56,198.63,193.05,197.4,16.176107
1888,2019-11-19,197.4,200.0,196.86,199.32,19.070291
1889,2019-11-20,198.58,199.59,195.43,197.51,12.37024
1890,2019-11-21,197.42,199.09,196.86,197.93,12.130985
1891,2019-11-22,198.38,199.3,197.62,198.82,9.959817
1892,2019-11-25,199.515,200.97,199.25,199.79,15.286442
1893,2019-11-26,200.0,200.15,198.0387,198.97,11.748664
1894,2019-11-27,199.9,203.14,199.42,202.0,12.760568
1895,2019-11-29,201.6,203.8,201.21,201.64,7.985231
1896,2019-12-02,202.13,202.18,198.05,199.7,11.54202
1897,2019-12-03,197.6,198.93,195.08,198.82,13.01417
1898,2019-12-04,200.0,200.0288,198.05,198.71,8.459939
1899,2019-12-05,199.86,201.29,198.2126,199.36,9.75535
1900,2019-12-06,200.5,201.57,200.06,201.05,12.279525
1901,2019-12-09,200.65,203.1418,200.21,201.34,12.013218
1902,2019-12-10,201.66,202.05,200.15,200.87,9.485568
1903,2019-12-11,200.28,202.63,200.28,202.26,8.041827
1904,2019-12-12,202.35,203.66,194.1,196.75,23.766986
1905,2019-12-13,196.4,196.8,193.17,194.11,18.80602
1906,2019-12-16,195.27,199.12,194.81,197.92,14.922733
1907,2019-12-17,198.84,199.0,196.13,198.39,10.177605
1908,2019-12-18,200.09,204.3,200.09,202.5,23.284746
1909,2019-12-19,202.78,206.3,202.51,206.06,16.808184
1910,2019-12-20,207.48,207.71,203.43,206.3,27.315226
1911,2019-12-23,206.7,208.59,205.68,206.18,13.353194
1912,2019-12-24,206.3,206.79,205.0,205.12,6.027773
1913,2019-12-26,205.5665,207.82,205.31,207.79,9.168273
1914,2019-12-27,208.6697,208.93,206.5875,208.1,10.287634
1915,2019-12-30,207.86,207.9,203.9001,204.41,10.534441
